Dataset di provenienza;tipo_metafora;testo;etichetta;argomento;veicolo;;;;;;;;;;
Dataset_Lago2024;Nominal predicative;Quell'alito è una fogna;1;alito;fogna;;;;;;;;;;
Dataset_Lago2024;Nominal predicative;Quell'esercito è una diga;1;esercito;diga;;;;;;;;;;
Dataset_Lago2024;Nominal predicative;Quell'uragano è un carrarmato;1;uragano;carrarmato;;;;;;;;;;
Dataset_Lago2024;Nominal predicative;Quel collega è una zecca;1;collega;zecca;;;;;;;;;;
Dataset_Lago2024;Nominal predicative;Quel poliziotto è un leone;1;poliziotto;leone;;;;;;;;;;
Dataset_Lago2024;Nominal predicative;Quell'acconciatura è un cespuglio;1;acconciatura;cespuglio;;;;;;;;;;
Dataset_Lago2024;Nominal predicative;Quella carezza è un balsamo;1;carezza;balsamo;;;;;;;;;;
Dataset_Lago2024;Nominal predicative;Quella fanciulla è una rosa;1;fanciulla;rosa;;;;;;;;;;
Dataset_Lago2024;Nominal predicative;Quella lezione è un sonnifero;1;lezione;sonnifero;;;;;;;;;;
Dataset_Lago2024;Nominal predicative;Quella malattia è un cecchino;1;malattia;cecchino;;;;;;;;;;
Dataset_Lago2024;Nominal predicative;Quella melodia è una camomilla;1;melodia;camomilla;;;;;;;;;;
Dataset_Lago2024;Nominal predicative;Quella notizia è un terremoto;1;notizia;terremoto;;;;;;;;;;
Dataset_Lago2024;Nominal predicative;Quel matrimonio è una quercia;1;matrimonio;quercia;;;;;;;;;;
Dataset_Lago2024;Nominal predicative;Quella nuvola è una madreperla;1;nuvola;madreperla;;;;;;;;;;
Dataset_Lago2024;Nominal predicative;Quell'allegria è una calamita;1;allegria;calamita;;;;;;;;;;
Dataset_Lago2024;Nominal predicative;Quel bacio è un peperoncino;1;bacio;peperoncino;;;;;;;;;;
Dataset_Lago2024;Nominal predicative;Quel bimbetto è una colla;1;bimbetto;colla;;;;;;;;;;
Dataset_Lago2024;Nominal predicative;Quell'esame è una processione;1;esame;processione;;;;;;;;;;
Dataset_Lago2024;Nominal predicative;Quel traffico è una marmellata;1;traffico;marmellata;;;;;;;;;;
Dataset_Lago2024;Nominal predicative;Quel venditore è un'ortica;1;venditore;ortica;;;;;;;;;;
Dataset_Lago2024;Nominal predicative;Quel ladro è un gatto;1;ladro;gatto;;;;;;;;;;
Dataset_Lago2024;Nominal predicative;Quella bocca è una fragola;1;bocca;fragola;;;;;;;;;;
Dataset_Lago2024;Nominal predicative;Quella punizione è una medicina;1;punizione;medicina;;;;;;;;;;
Dataset_Lago2024;Nominal predicative;Quel cappello è un faro;1;cappello;faro;;;;;;;;;;
Dataset_Lago2024;Nominal predicative;Quel giornalista è una iena;1;giornalista;iena;;;;;;;;;;
Dataset_Lago2024;Nominal predicative;Quel videogioco è una droga;1;videogioco;droga;;;;;;;;;;
Dataset_Lago2024;Nominal predicative;Quell'ideale è un granito;1;ideale;granito;;;;;;;;;;
Dataset_Lago2024;Nominal predicative;Quel taschino è una banca;1;taschino;banca;;;;;;;;;;
Dataset_Lago2024;Nominal predicative;Quel pubblico è un'antenna;1;pubblico;antenna;;;;;;;;;;
Dataset_Lago2024;Nominal predicative;Quel pigiama è un termosifone;1;pigiama;termosifone;;;;;;;;;;
Dataset_Lago2024;Nominal predicative;Quell'aguzzino è un avvoltoio;1;aguzzino;avvoltoio;;;;;;;;;;
Dataset_Lago2024;Nominal predicative;Quell'emicrania è un trapano;1;emicrania;trapano;;;;;;;;;;
Dataset_Lago2024;Nominal predicative;Quella mente è un rebus;1;mente;rebus;;;;;;;;;;
Dataset_Lago2024;Nominal predicative;Quel naso è un tartufo;1;naso;tartufo;;;;;;;;;;
Dataset_Lago2024;Nominal predicative;Quel postino è un cronometro;1;postino;cronometro;;;;;;;;;;
Dataset_Lago2024;Nominal predicative;Quell'archivio è una miniera;1;archivio;miniera;;;;;;;;;;
Dataset_Lago2024;Nominal predicative;Quella locomotiva è un drago;1;locomotiva;drago;;;;;;;;;;
Dataset_Lago2024;Nominal predicative;Quella donna è una vipera;1;donna;vipera;;;;;;;;;;
Dataset_Lago2024;Nominal predicative;Quel marinaio è un orso;1;marinaio;orso;;;;;;;;;;
Dataset_Lago2024;Nominal predicative;Quella canzone è un telegramma;1;canzone;telegramma;;;;;;;;;;
Dataset_Lago2024;Nominal predicative;Quella ruga è un burrone;1;ruga;burrone;;;;;;;;;;
Dataset_Lago2024;Nominal predicative;Quell'amore è un fulmine;1;amore;fulmine;;;;;;;;;;
Dataset_Lago2024;Nominal predicative;Quell'atleta è una statua;1;atleta;statua;;;;;;;;;;
Dataset_Lago2024;Nominal predicative;Quel dilemma è un puzzle;1;dilemma;puzzle;;;;;;;;;;
Dataset_Lago2024;Nominal predicative;Quel vestito è una tenda;1;vestito;tenda;;;;;;;;;;
Dataset_Lago2024;Nominal predicative;Quella camera è una discarica;1;camera;discarica;;;;;;;;;;
Dataset_Lago2024;Nominal predicative;Quella famiglia è una gabbia;1;famiglia;gabbia;;;;;;;;;;
Dataset_Lago2024;Nominal predicative;Quel lago è un cristallo;1;lago;cristallo;;;;;;;;;;
Dataset_Lago2024;Nominal predicative;Quel sorriso è una stella;1;sorriso;stella;;;;;;;;;;
Dataset_Lago2024;Nominal predicative;Quel progresso è un treno;1;progresso;treno;;;;;;;;;;
Dataset_Lago2024;Nominal predicative;Quella neve è un sorbetto;1;neve;sorbetto;;;;;;;;;;
Dataset_Lago2024;Nominal predicative;Quella faccenda è una matassa;1;faccenda;matassa;;;;;;;;;;
Dataset_Lago2024;Nominal predicative;Quella pelle è una porcellana;1;pelle;porcellana;;;;;;;;;;
Dataset_Lago2024;Nominal predicative;Quel prato è un velluto;1;prato;velluto;;;;;;;;;;
Dataset_Lago2024;Nominal predicative;Quel neonato è un bambolotto;1;neonato;bambolotto;;;;;;;;;;
Dataset_Lago2024;Nominal predicative;Quella moda è un'onda;1;moda;onda;;;;;;;;;;
Dataset_Lago2024;Nominal predicative;Quello strozzino è un cannibale;1;strozzino;cannibale;;;;;;;;;;
Dataset_Lago2024;Nominal predicative;Quel mento è un precipizio;1;mento;precipizio;;;;;;;;;;
Dataset_Lago2024;Nominal predicative;Quel viso è una seta;1;viso;seta;;;;;;;;;;
Dataset_Lago2024;Nominal predicative;Quel ginnasta è un burattino;1;ginnasta;burattino;;;;;;;;;;
Dataset_Lago2024;Nominal predicative;Quella ballerina è una libellula;1;ballerina;libellula;;;;;;;;;;
Dataset_Lago2024;Nominal predicative;Quel ricordo è un'essenza;1;ricordo;essenza;;;;;;;;;;
Dataset_Lago2024;Nominal predicative;Quella nebbia è un muro;1;nebbia ;muro;;;;;;;;;;
Dataset_Lago2024;Nominal predicative;Quella curiosità è un acido;1;curiosità;acido;;;;;;;;;;
Dataset_Lago2024;Nominal predicative;Quella maestra è una ricotta;1;maestra;ricotta;;;;;;;;;;
Dataset_Lago2024;Nominal predicative;Quella memoria è un registratore;1;memoria;registratore;;;;;;;;;;
Dataset_Lago2024;Nominal predicative;Quella filosofia è una bussola;1;filosofia;bussola;;;;;;;;;;
Dataset_Lago2024;Nominal predicative;Quel foglio è una lama;1;foglio;lama;;;;;;;;;;
Dataset_Lago2024;Nominal predicative;Quello spettacolo è una bomba;1;spettacolo;bomba;;;;;;;;;;
Dataset_Lago2024;Nominal predicative;Quel ricordo è una cicatrice;1;ricordo;cicatrice;;;;;;;;;;
Dataset_Lago2024;Nominal predicative;Quella discussione è una guerra;1;discussione;guerra;;;;;;;;;;
Dataset_Lago2024;Nominal predicative;Quell'incombenza è una piaga;1;incombenza;piaga;;;;;;;;;;
Dataset_Lago2024;Nominal predicative;Quella ragazza è una tavola;1;ragazza;tavola;;;;;;;;;;
Dataset_Lago2024;Nominal predicative;Quella vettura è una scheggia;1;vettura;scheggia;;;;;;;;;;
Dataset_Lago2024;Nominal predicative;Quell'alunno è una spugna;1;alunno;spugna;;;;;;;;;;
Dataset_Lago2024;Nominal predicative;Quello studente è un pappagallo;1;studente;pappagallo;;;;;;;;;;
Dataset_Lago2024;Nominal predicative;Quell'orecchio è una padella;1;orecchio;padella;;;;;;;;;;
Dataset_Lago2024;Nominal predicative;Quell'abbraccio è un guscio;1;abbraccio;guscio;;;;;;;;;;
Dataset_Lago2024;Nominal predicative;Quella fantasia è un arcobaleno;1;fantasia;arcobaleno;;;;;;;;;;
Dataset_Lago2024;Nominal predicative;Quel sole è un forno;1;sole;forno;;;;;;;;;;
Dataset_Lago2024;Nominal predicative;Quella mano è una grattugia;1;mano;grattugia;;;;;;;;;;
Dataset_Lago2024;Nominal predicative;Quel discorso è un massaggio;1;discorso;massaggio;;;;;;;;;;
Dataset_Lago2024;Nominal predicative;Quel canale è una fogna;0;canale;fogna;;;;;;;;;;
Dataset_Lago2024;Nominal predicative;Quella costruzione è una diga ;0;costruzione;diga;;;;;;;;;;
Dataset_Lago2024;Nominal predicative;Quel veicolo è un carrarmato;0;veicolo;carrarmato;;;;;;;;;;
Dataset_Lago2024;Nominal predicative;Quell'animaletto è una zecca;0;animaletto;zecca;;;;;;;;;;
Dataset_Lago2024;Nominal predicative;Quel predatore è un leone;0;predatore;leone;;;;;;;;;;
Dataset_Lago2024;Nominal predicative;Quell'arbusto è un cespuglio;0;arbusto;cespuglio;;;;;;;;;;
Dataset_Lago2024;Nominal predicative;Quella crema è un balsamo;0;crema;balsamo;;;;;;;;;;
Dataset_Lago2024;Nominal predicative;Quel bocciolo è una rosa;0;bocciolo;rosa;;;;;;;;;;
Dataset_Lago2024;Nominal predicative;Quel farmaco è un sonnifero;0;farmaco;sonnifero;;;;;;;;;;
Dataset_Lago2024;Nominal predicative;Quel soldato è un cecchino;0;soldato;cecchino;;;;;;;;;;
Dataset_Lago2024;Nominal predicative;Quella bevanda è una camomilla;0;bevanda;camomilla;;;;;;;;;;
Dataset_Lago2024;Nominal predicative;Quel movimento è un terremoto;0;movimento;terremoto;;;;;;;;;;
Dataset_Lago2024;Nominal predicative;Quella pianta è una quercia;0;pianta;quercia;;;;;;;;;;
Dataset_Lago2024;Nominal predicative;Quella conchiglia è una madreperla;0;conchiglia;madreperla;;;;;;;;;;
Dataset_Lago2024;Nominal predicative;Quel dispositivo è una calamita;0;dispositivo;calamita;;;;;;;;;;
Dataset_Lago2024;Nominal predicative;Quel frutto è un peperoncino;0;frutto;peperoncino;;;;;;;;;;
Dataset_Lago2024;Nominal predicative;Quel liquido è una colla;0;liquido;colla;;;;;;;;;;
Dataset_Lago2024;Nominal predicative;Quella fila è una processione;0;fila;processione;;;;;;;;;;
Dataset_Lago2024;Nominal predicative;Quella preparazione è una marmellata;0;preparazione;marmellata;;;;;;;;;;
Dataset_Lago2024;Nominal predicative;Quella pianticella è un'ortica;0;pianticella;ortica;;;;;;;;;;
Dataset_Lago2024;Nominal predicative;Quel mammifero è un gatto;0;mammifero;gatto;;;;;;;;;;
Dataset_Lago2024;Nominal predicative;Quella bacca è una fragola;0;bacca;fragola;;;;;;;;;;
Dataset_Lago2024;Nominal predicative;Quella caramella è una medicina;0;caramella;medicina;;;;;;;;;;
Dataset_Lago2024;Nominal predicative;Quel segnale è un faro;0;segnale;faro;;;;;;;;;;
Dataset_Lago2024;Nominal predicative;Quel quadrupede è una iena;0;quadrupede;iena;;;;;;;;;;
Dataset_Lago2024;Nominal predicative;Quella sostanza è una droga;0;sostanza;droga;;;;;;;;;;
Dataset_Lago2024;Nominal predicative;Quella pietra è un granito;0;pietra;granito;;;;;;;;;;
Dataset_Lago2024;Nominal predicative;Quel deposito è una banca;0;deposito;banca;;;;;;;;;;
Dataset_Lago2024;Nominal predicative;Quel congegno è un'antenna;0;congegno;antenna;;;;;;;;;;
Dataset_Lago2024;Nominal predicative;Quell'impianto è un termosifone;0;impianto;termosifone;;;;;;;;;;
Dataset_Lago2024;Nominal predicative;Quel pennuto è un avvoltoio;0;pennuto;avvoltoio;;;;;;;;;;
Dataset_Lago2024;Nominal predicative;Quell'attrezzo è un trapano;0;attrezzo;trapano;;;;;;;;;;
Dataset_Lago2024;Nominal predicative;Quel disegno è un rebus;0;disegno;rebus;;;;;;;;;;
Dataset_Lago2024;Nominal predicative;Quella squisitezza è un tartufo;0;squisitezza;tartufo;;;;;;;;;;
Dataset_Lago2024;Nominal predicative;Quel contatore è un cronometro;0;contatore;cronometro;;;;;;;;;;
Dataset_Lago2024;Nominal predicative;Quello scavo è una miniera;0;scavo;miniera;;;;;;;;;;
Dataset_Lago2024;Nominal predicative;Quella belva è un drago;0;belva;drago;;;;;;;;;;
Dataset_Lago2024;Nominal predicative;Quel rettile è una vipera;0;rettile;vipera;;;;;;;;;;
Dataset_Lago2024;Nominal predicative;Quell'animale è un orso;0;animale;orso;;;;;;;;;;
Dataset_Lago2024;Nominal predicative;Quel comunicato è un telegramma;0;comunicato;telegramma;;;;;;;;;;
Dataset_Lago2024;Nominal predicative;Quella valle è un burrone;0;valle;burrone;;;;;;;;;;
Dataset_Lago2024;Nominal predicative;Quel fenomeno è un fulmine;0;fenomeno;fulmine;;;;;;;;;;
Dataset_Lago2024;Nominal predicative;Quell'opera è una statua;0;opera;statua;;;;;;;;;;
Dataset_Lago2024;Nominal predicative;Quel gioco è un puzzle;0;gioco;puzzle;;;;;;;;;;
Dataset_Lago2024;Nominal predicative;Quel drappo è una tenda;0;drappo;tenda;;;;;;;;;;
Dataset_Lago2024;Nominal predicative;Quella collina è una discarica;0;collina;discarica;;;;;;;;;;
Dataset_Lago2024;Nominal predicative;Quel contenitore è una gabbia;0;contenitore;gabbia;;;;;;;;;;
Dataset_Lago2024;Nominal predicative;Quel vetro è un cristallo;0;vetro;cristallo;;;;;;;;;;
Dataset_Lago2024;Nominal predicative;Quella luce è una stella;0;luce;stella;;;;;;;;;;
Dataset_Lago2024;Nominal predicative;Quel mezzo è un treno;0;mezzo;treno;;;;;;;;;;
Dataset_Lago2024;Nominal predicative;Quel dolce è un sorbetto;0;dolce;sorbetto;;;;;;;;;;
Dataset_Lago2024;Nominal predicative;Quel filo è una matassa;0;filo;matassa;;;;;;;;;;
Dataset_Lago2024;Nominal predicative;Quell'impasto è una porcellana;0;impasto;porcellana;;;;;;;;;;
Dataset_Lago2024;Nominal predicative;Quel tessuto è un velluto;0;tessuto;velluto;;;;;;;;;;
Dataset_Lago2024;Nominal predicative;Quel giocattolo è un bambolotto;0;giocattolo;bambolotto;;;;;;;;;;
Dataset_Lago2024;Nominal predicative;Quella spuma è un' onda;0;spuma;onda;;;;;;;;;;
Dataset_Lago2024;Nominal predicative;Quell'indigeno è un cannibale;0;indigeno;cannibale;;;;;;;;;;
Dataset_Lago2024;Nominal predicative;Quella discesa è un precipizio;0;discesa;precipizio;;;;;;;;;;
Dataset_Lago2024;Nominal predicative;Quella stoffa è una seta ;0;stoffa;seta;;;;;;;;;;
Dataset_Lago2024;Nominal predicative;Quel pupazzo è un burattino;0;pupazzo;burattino;;;;;;;;;;
Dataset_Lago2024;Nominal predicative;Quel volatile è una libellula;0;volatile;libellula;;;;;;;;;;
Dataset_Lago2024;Nominal predicative;Quel profumo è un'essenza;0;profumo;essenza;;;;;;;;;;
Dataset_Lago2024;Nominal predicative;Quel divisorio è un muro;0;divisorio;muro;;;;;;;;;;
Dataset_Lago2024;Nominal predicative;Quel composto è un acido;0;composto;acido;;;;;;;;;;
Dataset_Lago2024;Nominal predicative;Quel formaggio è una ricotta;0;formaggio;ricotta;;;;;;;;;;
Dataset_Lago2024;Nominal predicative;Quell'apparecchio è un registratore;0;apparecchio;registratore;;;;;;;;;;
Dataset_Lago2024;Nominal predicative;Quell'apparecchiatura è una bussola;0;apparecchiatura;bussola;;;;;;;;;;
Dataset_Lago2024;Nominal predicative;Quel ferro è una lama;0;ferro;lama;;;;;;;;;;
Dataset_Lago2024;Nominal predicative;Quell'arma è una bomba;0;arma;bomba;;;;;;;;;;
Dataset_Lago2024;Nominal predicative;Quel segno è una cicatrice;0;segno ;cicatrice;;;;;;;;;;
Dataset_Lago2024;Nominal predicative;Quello scontro è una guerra;0;scontro;guerra;;;;;;;;;;
Dataset_Lago2024;Nominal predicative;Quella ferita è una piaga;0;ferita;piaga;;;;;;;;;;
Dataset_Lago2024;Nominal predicative;Quella superficie è una tavola;0;superficie;tavola;;;;;;;;;;
Dataset_Lago2024;Nominal predicative;Quel frammento è una scheggia;0;frammento;scheggia;;;;;;;;;;
Dataset_Lago2024;Nominal predicative;Quell'accessorio è una spugna;0;accessorio;spugna;;;;;;;;;;
Dataset_Lago2024;Nominal predicative;Quell'uccello è un pappagallo;0;uccello;pappagallo;;;;;;;;;;
Dataset_Lago2024;Nominal predicative;Quell'arnese è una padella;0;arnese;padella;;;;;;;;;;
Dataset_Lago2024;Nominal predicative;Quell'involucro è un guscio;0;involucro;guscio;;;;;;;;;;
Dataset_Lago2024;Nominal predicative;Quell'arco è un arcobaleno;0;arco;arcobaleno;;;;;;;;;;
Dataset_Lago2024;Nominal predicative;Quell'elettrodomestico è un forno;0;elettrodomestico;forno;;;;;;;;;;
Dataset_Lago2024;Nominal predicative;Quella lamiera è una grattugia;0;lamiera;grattugia;;;;;;;;;;
Dataset_Lago2024;Nominal predicative;Quella terapia è un massaggio;0;terapia;massaggio;;;;;;;;;;
Dataset_MoveMe;Predicate;Alice disegna il suo futuro con Alberto;1;futuro;disegna;;;;;;;;;;
Dataset_MoveMe;Predicate;Laura ricama il discorso con tanti dettagli;1;discorso;ricama;;;;;;;;;;
Dataset_MoveMe;Predicate;Guido timbra il passaggio all' età adulta ;1;passaggio;timbra;;;;;;;;;;
Dataset_MoveMe;Predicate;Gaia rammenda i rapporti con i genitori;1;rapporto;rammenda;;;;;;;;;;
Dataset_MoveMe;Predicate;Il giornalista accende l'interesse di Luca;1;interesse;accende;;;;;;;;;;
Dataset_MoveMe;Predicate;Il professore apre la mente degli alunni;1;mente;apre;;;;;;;;;;
Dataset_MoveMe;Predicate;Il laureato chiude un capitolo della sua vita;1;capitolo;chiude;;;;;;;;;;
Dataset_MoveMe;Predicate;Matilde getta la tristezza alle spalle;1;tristezza;getta;;;;;;;;;;
Dataset_MoveMe;Predicate;Il carabiniere monta gli indizi del delitto;1;indizio;monta;;;;;;;;;;
Dataset_MoveMe;Predicate;La nonna attacca i ricordi nella memoria;1;ricordo;attacca;;;;;;;;;;
Dataset_MoveMe;Predicate;Lo scienziato spacca il problema nei dettagli;1;problema;spacca;;;;;;;;;;
Dataset_MoveMe;Predicate;Il cacciatore rompe la quiete del bosco;1;quiete;rompe;;;;;;;;;;
Dataset_MoveMe;Predicate;Monica butta le speranze nel dimenticatoio;1;speranza;butta;;;;;;;;;;
Dataset_MoveMe;Predicate;Vittorio spezza la noia con un film;1;noia;spezza;;;;;;;;;;
Dataset_MoveMe;Predicate;L'avvocato tocca il centro della questione;1;centro;tocca;;;;;;;;;;
Dataset_MoveMe;Predicate;Il politico trita le idee degli avversari;1;idea;trita;;;;;;;;;;
Dataset_MoveMe;Predicate;Annalisa scava i segreti dell'animo ;1;segreto;scava;;;;;;;;;;
Dataset_MoveMe;Predicate;Marcella colpisce il cuore del suo fidanzato;1;cuore;colpisce;;;;;;;;;;
Dataset_MoveMe;Predicate;Antonio solleva il dolore del suo amico;1;dolore;solleva;;;;;;;;;;
Dataset_MoveMe;Predicate;Alessandro versa le energie nello studio;1;energia;versa;;;;;;;;;;
Dataset_MoveMe;Predicate;Il poliziotto strappa una confessione al ladro;1;confessione;strappa;;;;;;;;;;
Dataset_MoveMe;Predicate;Elisa spazza i problemi con decisione;1;problema;spazza;;;;;;;;;;
Dataset_MoveMe;Predicate;Anna raccoglie le confidenze dell' amica;1;confidenza;raccoglie;;;;;;;;;;
Dataset_MoveMe;Predicate;Sara sciacqua la coscienza con la beneficienza;1;coscienza;sciacqua;;;;;;;;;;
Dataset_MoveMe;Predicate;Il giudice addita le colpe degli imputati;1;colpa;addita;;;;;;;;;;
Dataset_MoveMe;Predicate;Il dirigente cuce nuovi rapporti di lavoro;1;rapporto;cuce;;;;;;;;;;
Dataset_MoveMe;Predicate;Il giovane coglie l' opportunità con entusiasmo;1;opportunità;coglie;;;;;;;;;;
Dataset_MoveMe;Predicate;L' inventore sfoglia le idee nella sua testa;1;idea;sfoglia;;;;;;;;;;
Dataset_MoveMe;Predicate;Silvia afferra l' intuizione del collega;1;intuizione;afferra;;;;;;;;;;
Dataset_MoveMe;Predicate;La madre costruisce la personalità del figlio;1;personalità;costruisce;;;;;;;;;;
Dataset_MoveMe;Predicate;Adele calpesta i sogni della figlia ;1;sogno;calpesta;;;;;;;;;;
Dataset_MoveMe;Predicate;Carlo calcia le critiche degli invidiosi ;1;critica;calcia;;;;;;;;;;
Dataset_MoveMe;Predicate;L' architetto saltella da un' idea all' altra ;1;architetto;saltella;;;;;;;;;;
Dataset_MoveMe;Predicate;Lo studente zoppica verso l' esame di storia;1;studente;zoppica;;;;;;;;;;
Dataset_MoveMe;Predicate;Lisa corre verso l' amore con ingenuità;1;Lisa;corre;;;;;;;;;;
Dataset_MoveMe;Predicate;Il nonno cammina tra i ricordi d' infanzia;1;nonno;cammina;;;;;;;;;;
Dataset_MoveMe;Predicate;L' imprenditore segue l' istinto con decisione;1;istinto;segue;;;;;;;;;;
Dataset_MoveMe;Predicate;Aldo fugge dagli obblighi del matrimonio;1;Aldo;fugge;;;;;;;;;;
Dataset_MoveMe;Predicate;Marco percorre il destino del campione;1;destino;percorre;;;;;;;;;;
Dataset_MoveMe;Predicate;Sofia attraversa le difficoltà con coraggio;1;difficoltà;attraversa;;;;;;;;;;
Dataset_MoveMe;Predicate;Mario arriva alla decisione con fatica;1;Mario;arriva;;;;;;;;;;
Dataset_MoveMe;Predicate;Il paziente salta l' appuntamento con il dottore;1;appuntamento;salta;;;;;;;;;;
Dataset_MoveMe;Predicate;Marta giunge alla conclusione del discorso;1;Marta;giunge;;;;;;;;;;
Dataset_MoveMe;Predicate;Il critico entra nella discussione con foga;1;critico;entra;;;;;;;;;;
Dataset_MoveMe;Predicate;Luigi avanza tra i problemi della vita;1;Luigi;avanza;;;;;;;;;;
Dataset_MoveMe;Predicate;Giorgio passa dalla gioia alla disperazione ;1;Giorgio;passa;;;;;;;;;;
Dataset_MoveMe;Predicate;L' uomo raggiunge la felicità per un istante;1;felicità;raggiunge;;;;;;;;;;
Dataset_MoveMe;Predicate;La vicina scende nei particolari della storia;1;vicina;scende;;;;;;;;;;
Dataset_MoveMe;Predicate;Mara inciampa negli imprevisti della vita;1;Mara;inciampa;;;;;;;;;;
Dataset_MoveMe;Predicate;Nino esce dall' ossessione delle scommesse;1;Nino;esce;;;;;;;;;;
Dataset_MoveMe;Predicate;Lo psicologo perlustra l' animo del paziente;1;animo;perlustra;;;;;;;;;;
Dataset_MoveMe;Predicate;L' adolescente girovaga nei sogni di successo;1;adolescente;girovaga;;;;;;;;;;
Dataset_MoveMe;Predicate;L' operaio arranca verso la paga di fine-mese;1;operaio;arranca;;;;;;;;;;
Dataset_MoveMe;Predicate;Elena scivola sulla domanda di filosofia;1;Elena;scivola;;;;;;;;;;
Dataset_MoveMe;Predicate;Il padre sgattaiola dall' impegno dei figli;1;padre;sgattaiola;;;;;;;;;;
Dataset_MoveMe;Predicate;Luca scappa dalla realtà con la meditazione;1;Luca;scappa;;;;;;;;;;
Dataset_MoveMe;Predicate;L' artista pedala sull' ispirazione del momento;1;artista;pedala;;;;;;;;;;
Dataset_MoveMe;Predicate;Il direttore pesta i diritti dei lavoratori;1;diritto;pesta;;;;;;;;;;
Dataset_MoveMe;Predicate;Franco scalcia i rimorsi di coscienza;1;rimorso;scalcia;;;;;;;;;;
Dataset_MoveMe;Predicate;La ragazza passeggia tra le pagine del diario;1;ragazza;passeggia;;;;;;;;;;
Dataset_MoveMe;Predicate;Il figlio disegna un ritratto della mamma;0;ritratto;disegna;;;;;;;;;;
Dataset_MoveMe;Predicate;La signora ricama un centrino all' uncinetto;0;centrino;ricama;;;;;;;;;;
Dataset_MoveMe;Predicate;Il dottore timbra la ricetta del paziente;0;ricetta;timbra;;;;;;;;;;
Dataset_MoveMe;Predicate;Gianna rammenda i pantaloni del marito;0;pantalone;rammenda;;;;;;;;;;
Dataset_MoveMe;Predicate;Federica accende la televisione in cucina;0;televisione;accende;;;;;;;;;;
Dataset_MoveMe;Predicate;Francesca apre la finestra della camera;0;finestra;apre;;;;;;;;;;
Dataset_MoveMe;Predicate;Maurizio chiude il portone dell' ingresso;0;portone;chiude;;;;;;;;;;
Dataset_MoveMe;Predicate;Matteo getta l' immondizia nel cassonetto;0;immondizia;getta;;;;;;;;;;
Dataset_MoveMe;Predicate;Giovanni monta il gioco secondo le istruzioni;0;gioco;monta;;;;;;;;;;
Dataset_MoveMe;Predicate;Il maestro attacca l' avviso alla bacheca;0;avviso;attacca;;;;;;;;;;
Dataset_MoveMe;Predicate;Il boscaiolo spacca il tronco con l' ascia;0;tronco;spacca;;;;;;;;;;
Dataset_MoveMe;Predicate;Giuseppe rompe il bicchiere di cristallo;0;bicchiere;rompe;;;;;;;;;;
Dataset_MoveMe;Predicate;Camilla butta la confezione nella spazzatura;0;confezione;butta;;;;;;;;;;
Dataset_MoveMe;Predicate;Il commensale spezza il pane sul tavolo;0;pane;spezza;;;;;;;;;;
Dataset_MoveMe;Predicate;Tommaso tocca la neve per la prima volta;0;neve;tocca;;;;;;;;;;
Dataset_MoveMe;Predicate;Il cuoco trita la cipolla con il coltello;0;cipolla;trita;;;;;;;;;;
Dataset_MoveMe;Predicate;Il ragazzino scava la buca nella sabbia;0;buca;scava;;;;;;;;;;
Dataset_MoveMe;Predicate;Pietro colpisce il rivale con un pugno;0;rivale;colpisce;;;;;;;;;;
Dataset_MoveMe;Predicate;Teresa solleva la valigia dal carrello;0;valigia;solleva;;;;;;;;;;
Dataset_MoveMe;Predicate;Il barista versa il succo nel bicchiere;0;succo;versa;;;;;;;;;;
Dataset_MoveMe;Predicate;il controllore strappa i biglietti d' ingresso;0;biglietti;strappa;;;;;;;;;;
Dataset_MoveMe;Predicate;La cameriera spazza per terra con la scopa;0;cameriera;spazza;;;;;;;;;;
Dataset_MoveMe;Predicate;Valentina raccoglie le margherite dal prato;0;margherita;raccoglie;;;;;;;;;;
Dataset_MoveMe;Predicate;La cuoca sciacqua l' insalata nella bacinella;0;insalata;sciacqua;;;;;;;;;;
Dataset_MoveMe;Predicate;Il bimbo addita il giocattolo in vetrina;0;giocattolo;addita;;;;;;;;;;
Dataset_MoveMe;Predicate;Virginia cuce il vestito per la cerimonia;0;vestito;cuce;;;;;;;;;;
Dataset_MoveMe;Predicate;Annamaria coglie i tulipani per il bouquet;0;tulipano;coglie;;;;;;;;;;
Dataset_MoveMe;Predicate;L' alunno sfoglia il sussidiario di geografia;0;sussidiario;sfoglia;;;;;;;;;;
Dataset_MoveMe;Predicate;Il bambino afferra la mano del padre;0;mano;afferra;;;;;;;;;;
Dataset_MoveMe;Predicate;Roberto costruisce un capanno per gli attrezzi;0;capanno;costruisce;;;;;;;;;;
Dataset_MoveMe;Predicate;Alessandro calpesta la coda del gatto;0;coda;calpesta;;;;;;;;;;
Dataset_MoveMe;Predicate;Il giocatore calcia il pallone con forza;0;pallone;calcia;;;;;;;;;;
Dataset_MoveMe;Predicate;La bambina saltella da un sasso all' altro;0;bambina;saltella;;;;;;;;;;
Dataset_MoveMe;Predicate;Il ferito zoppica verso l' ospedale da campo;0;ferito;zoppica;;;;;;;;;;
Dataset_MoveMe;Predicate;Francesca corre verso casa con il cane;0;Francesca;corre;;;;;;;;;;
Dataset_MoveMe;Predicate;L' alpinista cammina tra i cespugli del bosco ;0;alpinista;cammina;;;;;;;;;;
Dataset_MoveMe;Predicate;Gregorio segue la guida dentro al museo;0;guida;segue;;;;;;;;;;
Dataset_MoveMe;Predicate;Il ragazzo fugge dal castello sulla collina ;0;ragazzo;fugge;;;;;;;;;;
Dataset_MoveMe;Predicate;Giulia percorre il sentiero di montagna;0;Giulia;percorre;;;;;;;;;;
Dataset_MoveMe;Predicate;Paolo attraversa la strada con attenzione;0;strada;attraversa;;;;;;;;;;
Dataset_MoveMe;Predicate;La studentessa arriva a scuola a piedi;0;studentessa;arriva;;;;;;;;;;
Dataset_MoveMe;Predicate;Edoardo salta il ruscello per gioco;0;ruscello;salta;;;;;;;;;;
Dataset_MoveMe;Predicate;Il viaggiatore giunge alla casa in campagna;0;viaggiatore;giunge;;;;;;;;;;
Dataset_MoveMe;Predicate;Il preside entra in aula all' improvviso;0;preside;entra;;;;;;;;;;
Dataset_MoveMe;Predicate;La sposa avanza tra gli invitati in chiesa;0;sposa;avanza;;;;;;;;;;
Dataset_MoveMe;Predicate;Sabrina passa da una bancarella all' altra;0;Sabrina;passa;;;;;;;;;;
Dataset_MoveMe;Predicate;L' atleta raggiunge il traguardo per primo;0;traguardo;raggiunge;;;;;;;;;;
Dataset_MoveMe;Predicate;Nicoletta scende le scale del condominio;0;Nicoletta;scende;;;;;;;;;;
Dataset_MoveMe;Predicate;Alessio inciampa nelle stringhe delle scarpe;0;Alessio;inciampa;;;;;;;;;;
Dataset_MoveMe;Predicate;Lucia esce dallo spogliatoio della palestra;0;Lucia;esce;;;;;;;;;;
Dataset_MoveMe;Predicate;Dario perlustra la cantina con la torcia;0;cantina;perlustra;;;;;;;;;;
Dataset_MoveMe;Predicate;Il pellegrino girovaga nei sentieri di campagna ;0;pellegrino;girovaga;;;;;;;;;;
Dataset_MoveMe;Predicate;Il maratoneta arranca verso la linea d' arrivo;0;maratoneta;arranca;;;;;;;;;;
Dataset_MoveMe;Predicate;Alberto scivola sul pavimento del bagno;0;Alberto;scivola;;;;;;;;;;
Dataset_MoveMe;Predicate;Il rapinatore sgattaiola dalla porta sul retro;0;rapinatore;sgattaiola;;;;;;;;;;
Dataset_MoveMe;Predicate;Il ladro scappa dalla polizia con il furgone;0;ladro;scappa;;;;;;;;;;
Dataset_MoveMe;Predicate;Claudio pedala sulla bicicletta del fratello;0;Claudio;pedala;;;;;;;;;;
Dataset_MoveMe;Predicate;La donna pesta l' uva durante la vendemmia;0;uva;pesta;;;;;;;;;;
Dataset_MoveMe;Predicate;Bianca scalcia il copriletto nel sonno;0;copriletto;scalcia;;;;;;;;;;
Dataset_MoveMe;Predicate;Beatrice passeggia tra i negozi del centro;0;Beatrice;passeggia;;;;;;;;;;
Dataset_Bambini2013;Nominal predicative;Quegli aliti sono fogne;1;alito;fogna;;;;;;;;;;
Dataset_Bambini2013;Nominal predicative;Quegli avvocati sono squali;1;avvocato;squalo;;;;;;;;;;
Dataset_Bambini2013;Nominal predicative;Quegli eserciti sono dighe ;1;esercito;diga;;;;;;;;;;
Dataset_Bambini2013;Nominal predicative;Quegli oratori sono treni ;1;oratore;treno;;;;;;;;;;
Dataset_Bambini2013;Nominal predicative;Quegli scalatori sono scoiattoli;1;scalatore;scoiattolo;;;;;;;;;;
Dataset_Bambini2013;Nominal predicative;Quegli schiaffi sono medicine ;1;schiaffo ;medicina;;;;;;;;;;
Dataset_Bambini2013;Nominal predicative;Quegli uragani sono carrarmati ;1;uragano;carrarmato;;;;;;;;;;
Dataset_Bambini2013;Nominal predicative;Quei bambini sono fontane ;1;bambino;fontana;;;;;;;;;;
Dataset_Bambini2013;Nominal predicative;Quei banchieri sono vampiri ;1;banchiere;vampiro;;;;;;;;;;
Dataset_Bambini2013;Nominal predicative;Quei barbieri sono chirurghi ;1;barbiere;chirurgo;;;;;;;;;;
Dataset_Bambini2013;Nominal predicative;Quei colleghi sono zecche ;1;collega;zecca;;;;;;;;;;
Dataset_Bambini2013;Nominal predicative;Quei delitti sono rebus ;1;delitto;rebus;;;;;;;;;;
Dataset_Bambini2013;Nominal predicative;Quei ginnasti sono grilli ;1;ginnasta;grillo;;;;;;;;;;
Dataset_Bambini2013;Nominal predicative;Quei giocatori sono elefanti ;1;giocatore;elefante;;;;;;;;;;
Dataset_Bambini2013;Nominal predicative;Quei giornalisti sono avvoltoi ;1;giornalista;avvoltoio;;;;;;;;;;
Dataset_Bambini2013;Nominal predicative;Quei libri sono bussole ;1;libro;bussola;;;;;;;;;;
Dataset_Bambini2013;Nominal predicative;Quei maestri sono lanterne ;1;maestro;lanterna;;;;;;;;;;
Dataset_Bambini2013;Nominal predicative;Quei politici sono calamite ;1;politico;calamita;;;;;;;;;;
Dataset_Bambini2013;Nominal predicative;Quei portinai sono archivi ;1;portinaio;archivio;;;;;;;;;;
Dataset_Bambini2013;Nominal predicative;Quei professori sono enciclopedie ;1;professore;enciclopedia;;;;;;;;;;
Dataset_Bambini2013;Nominal predicative;Quei ricordi sono spine ;1;ricordo;spina;;;;;;;;;;
Dataset_Bambini2013;Nominal predicative;Quei soldati sono leoni;1;soldato;leone;;;;;;;;;;
Dataset_Bambini2013;Nominal predicative;Quei viaggi sono terapie ;1;viaggio;terapia;;;;;;;;;;
Dataset_Bambini2013;Nominal predicative;Quelle acconciature sono cespugli ;1;acconciatura;cespuglio;;;;;;;;;;
Dataset_Bambini2013;Nominal predicative;Quelle automobili sono frecce;1;automobile;freccia;;;;;;;;;;
Dataset_Bambini2013;Nominal predicative;Quelle ballerine sono farfalle ;1;ballerina;farfalla;;;;;;;;;;
Dataset_Bambini2013;Nominal predicative;Quelle biblioteche sono miniere ;1;biblioteca;miniera;;;;;;;;;;
Dataset_Bambini2013;Nominal predicative;Quelle borse sono macigni ;1;borsa;macigno;;;;;;;;;;
Dataset_Bambini2013;Nominal predicative;Quelle canzoni sono droghe;1;canzone;droga;;;;;;;;;;
Dataset_Bambini2013;Nominal predicative;Quelle carezze sono balsami ;1;carezza;balsamo;;;;;;;;;;
Dataset_Bambini2013;Nominal predicative;Quelle città sono giungle ;1;città;giungla;;;;;;;;;;
Dataset_Bambini2013;Nominal predicative;Quelle fanciulle sono rose ;1;fanciulla;rosa;;;;;;;;;;
Dataset_Bambini2013;Nominal predicative;Quelle giacche sono forni;1;giacca;forno;;;;;;;;;;
Dataset_Bambini2013;Nominal predicative;Quelle guance sono pesche ;1;guancia;pesca;;;;;;;;;;
Dataset_Bambini2013;Nominal predicative;Quelle indossatrici sono bambole ;1;indossatrice;bambola;;;;;;;;;;
Dataset_Bambini2013;Nominal predicative;Quelle lezioni sono sonniferi ;1;lezione;sonnifero;;;;;;;;;;
Dataset_Bambini2013;Nominal predicative;Quelle malattie sono cecchini ;1;malattia;cecchino;;;;;;;;;;
Dataset_Bambini2013;Nominal predicative;Quelle melodie sono camomille ;1;melodia;camomilla;;;;;;;;;;
Dataset_Bambini2013;Nominal predicative;Quelle notizie sono terremoti ;1;notizia;terremoto;;;;;;;;;;
Dataset_Bambini2013;Nominal predicative;Quelle tasche sono banche ;1;tasca;banca;;;;;;;;;;
Dataset_Bambini2013;Nominal predicative;Quelle torte sono montagne ;1;torta;montagna;;;;;;;;;;
Dataset_Bambini2013;Nominal predicative;Quelle voci sono trombe;1;voce;tromba;;;;;;;;;;
Dataset_Bambini2013;Nominal predicative;Quegli scarichi sono fogne;0;scarico;fogna;;;;;;;;;;
Dataset_Bambini2013;Nominal predicative;Quei pesci sono squali;0;pesce;squalo;;;;;;;;;;
Dataset_Bambini2013;Nominal predicative;Quelle costruzioni sono dighe;0;costruzione;diga;;;;;;;;;;
Dataset_Bambini2013;Nominal predicative;Quei convogli sono treni ;0;convoglio;treno;;;;;;;;;;
Dataset_Bambini2013;Nominal predicative;Quei roditori sono scoiattoli ;0;roditore;scoiattolo;;;;;;;;;;
Dataset_Bambini2013;Nominal predicative;Quelle sostanze sono medicine ;0;sostanza;medicina;;;;;;;;;;
Dataset_Bambini2013;Nominal predicative;Quei blindati sono carrarmati ;0;blindato;carrarmato;;;;;;;;;;
Dataset_Bambini2013;Nominal predicative;Quegli impianti sono fontane;0;impianto;fontana;;;;;;;;;;
Dataset_Bambini2013;Nominal predicative;Quei mostri sono vampiri ;0;mostro;vampiro;;;;;;;;;;
Dataset_Bambini2013;Nominal predicative;Quei medici sono chirurghi ;0;medico;chirurgo;;;;;;;;;;
Dataset_Bambini2013;Nominal predicative;Quei parassiti sono zecche ;0;parassita;zecca;;;;;;;;;;
Dataset_Bambini2013;Nominal predicative;Quegli indovinelli sono rebus ;0;indovinello;rebus;;;;;;;;;;
Dataset_Bambini2013;Nominal predicative;Quegli insetti sono grilli ;0;insetto;grillo;;;;;;;;;;
Dataset_Bambini2013;Nominal predicative;Quei mammiferi sono elefanti ;0;mammifero;elefante;;;;;;;;;;
Dataset_Bambini2013;Nominal predicative;Quei predatori sono avvoltoi;0;predatore;avvoltoio;;;;;;;;;;
Dataset_Bambini2013;Nominal predicative;Quei dispositivi sono bussole ;0;dispositivo;bussola;;;;;;;;;;
Dataset_Bambini2013;Nominal predicative;Quelle lampade sono lanterne;0;lampada;lanterna;;;;;;;;;;
Dataset_Bambini2013;Nominal predicative;Quegli oggetti sono calamite ;0;oggetto;calamita;;;;;;;;;;
Dataset_Bambini2013;Nominal predicative;Quegli schedari sono archivi ;0;schedario;archivio;;;;;;;;;;
Dataset_Bambini2013;Nominal predicative;Quei volumi sono enciclopedie ;0;volume;enciclopedia;;;;;;;;;;
Dataset_Bambini2013;Nominal predicative;Quelle punte sono spine;0;punta;spina;;;;;;;;;;
Dataset_Bambini2013;Nominal predicative;Quei felini sono leoni ;0;felino;leone;;;;;;;;;;
Dataset_Bambini2013;Nominal predicative;Quei trattamenti sono terapie ;0;trattamento;terapia;;;;;;;;;;
Dataset_Bambini2013;Nominal predicative;Quelle siepi sono cespugli ;0;siepe;cespuglio;;;;;;;;;;
Dataset_Bambini2013;Nominal predicative;Quelle armi sono frecce ;0;arma;freccia;;;;;;;;;;
Dataset_Bambini2013;Nominal predicative;Quegli animali sono farfalle ;0;animale;farfalla;;;;;;;;;;
Dataset_Bambini2013;Nominal predicative;Quelle cave sono miniere ;0;cava;miniera;;;;;;;;;;
Dataset_Bambini2013;Nominal predicative;Quelle pietre sono macigni ;0;pietra;macigno;;;;;;;;;;
Dataset_Bambini2013;Nominal predicative;Quelle pasticche sono droghe ;0;pasticca;droga;;;;;;;;;;
Dataset_Bambini2013;Nominal predicative;Quei detergenti sono balsami ;0;detergente;balsamo;;;;;;;;;;
Dataset_Bambini2013;Nominal predicative;Quelle foreste sono giungle ;0;foresta;giungla;;;;;;;;;;
Dataset_Bambini2013;Nominal predicative;Quei fiori sono rose ;0;fiore;rosa;;;;;;;;;;
Dataset_Bambini2013;Nominal predicative;Quegli elettrodomestici sono forni ;0;elettrodomestico;forno;;;;;;;;;;
Dataset_Bambini2013;Nominal predicative;Quei frutti sono pesche;0;frutto;pesca;;;;;;;;;;
Dataset_Bambini2013;Nominal predicative;Quei pupazzi sono bambole ;0;pupazzo;bambola;;;;;;;;;;
Dataset_Bambini2013;Nominal predicative;Quelle pillole sono sonniferi ;0;pillola;sonnifero;;;;;;;;;;
Dataset_Bambini2013;Nominal predicative;Quei militari sono cecchini ;0;militare;cecchino;;;;;;;;;;
Dataset_Bambini2013;Nominal predicative;Quelle bevande sono camomille ;0;bevanda;camomilla;;;;;;;;;;
Dataset_Bambini2013;Nominal predicative;Quelle scosse sono terremoti ;0;scossa;terremoto;;;;;;;;;;
Dataset_Bambini2013;Nominal predicative;Quegli istituti sono banche;0;istituto;banca;;;;;;;;;;
Dataset_Bambini2013;Nominal predicative;Quei rilievi sono montagne ;0;rilievo;montagna;;;;;;;;;;
Dataset_Bambini2013;Nominal predicative;Quegli strumenti sono trombe ;0;strumento;tromba;;;;;;;;;;
Dataset_Bambini2014;Genitive;abbraccio del sonno;1;abbraccio;sonno;;;;;;;;;;
Dataset_Bambini2014;Genitive;affanno dei venti;1;affanno;venti;;;;;;;;;;
Dataset_Bambini2014;Genitive;alba di perla;1;alba;perla;;;;;;;;;;
Dataset_Bambini2014;Genitive;albero di nuvole;1;albero;nuvole;;;;;;;;;;
Dataset_Bambini2014;Genitive;ali del ramo;1;ali;ramo;;;;;;;;;;
Dataset_Bambini2014;Genitive;alito di sepolcro;1;alito;sepolcro;;;;;;;;;;
Dataset_Bambini2014;Genitive;anello delle labbra;1;anello;labbra;;;;;;;;;;
Dataset_Bambini2014;Genitive;bacio di marmo;1;bacio;marmo;;;;;;;;;;
Dataset_Bambini2014;Genitive;balbettio del mare;1;balbettio;mare;;;;;;;;;;
Dataset_Bambini2014;Genitive;bara di ghiaccio;1;bara;ghiaccio;;;;;;;;;;
Dataset_Bambini2014;Genitive;barba di rame;1;barba;rame;;;;;;;;;;
Dataset_Bambini2014;Genitive;brivido di ferro;1;brivido;ferro;;;;;;;;;;
Dataset_Bambini2014;Genitive;canto della tenebra;1;canto;tenebra;;;;;;;;;;
Dataset_Bambini2014;Genitive;canto dell'acqua;1;canto;acqua;;;;;;;;;;
Dataset_Bambini2014;Genitive;canto delle foglie;1;canto;foglie;;;;;;;;;;
Dataset_Bambini2014;Genitive;capriole di fumo;1;capriole;fumo;;;;;;;;;;
Dataset_Bambini2014;Genitive;cecità del sonno;1;cecità;sonno;;;;;;;;;;
Dataset_Bambini2014;Genitive;cielo d'ambra;1;cielo;ambra;;;;;;;;;;
Dataset_Bambini2014;Genitive;cielo di perla;1;cielo;perla;;;;;;;;;;
Dataset_Bambini2014;Genitive;cielo d'oro;1;cielo;oro;;;;;;;;;;
Dataset_Bambini2014;Genitive;cime dello spirito;1;cime;spirito;;;;;;;;;;
Dataset_Bambini2014;Genitive;colore di pianto;1;colore;pianto;;;;;;;;;;
Dataset_Bambini2014;Genitive;corona di nebbia;1;corona;nebbia;;;;;;;;;;
Dataset_Bambini2014;Genitive;cuore di diamante;1;cuore;diamante;;;;;;;;;;
Dataset_Bambini2014;Genitive;faccia di limone;1;faccia;limone;;;;;;;;;;
Dataset_Bambini2014;Genitive;fantasmi di pace;1;fantasmi;pace;;;;;;;;;;
Dataset_Bambini2014;Genitive;fiamma dell'idea;1;fiamma;idea;;;;;;;;;;
Dataset_Bambini2014;Genitive;fiati delle rose;1;fiati;rose;;;;;;;;;;
Dataset_Bambini2014;Genitive;fiato di primavera;1;fiato;primavera;;;;;;;;;;
Dataset_Bambini2014;Genitive;fili di pioggia;1;fili;pioggia;;;;;;;;;;
Dataset_Bambini2014;Genitive;finestra dell'anima;1;finestra;anima;;;;;;;;;;
Dataset_Bambini2014;Genitive;fiocchi di nuvole;1;fiocchi;nuvole;;;;;;;;;;
Dataset_Bambini2014;Genitive;fiocco di luna;1;fiocco;luna;;;;;;;;;;
Dataset_Bambini2014;Genitive;fiore della fiamma;1;fiore;fiamma;;;;;;;;;;
Dataset_Bambini2014;Genitive;fiore di fede;1;fiore;fede;;;;;;;;;;
Dataset_Bambini2014;Genitive;fiori del sangue;1;fiori;sangue;;;;;;;;;;
Dataset_Bambini2014;Genitive;fiume di luce;1;fiume;luce;;;;;;;;;;
Dataset_Bambini2014;Genitive;fiume di sole;1;fiume;sole;;;;;;;;;;
Dataset_Bambini2014;Genitive;folla di pietra;1;folla;pietra;;;;;;;;;;
Dataset_Bambini2014;Genitive;foreste d'oro;1;foreste;oro;;;;;;;;;;
Dataset_Bambini2014;Genitive;fumo dei pensieri;1;fumo;pensieri;;;;;;;;;;
Dataset_Bambini2014;Genitive;fuochi di gioia;1;fuochi;gioia;;;;;;;;;;
Dataset_Bambini2014;Genitive;goccia di luce;1;goccia;luce;;;;;;;;;;
Dataset_Bambini2014;Genitive;gomito di ramo;1;gomito;ramo;;;;;;;;;;
Dataset_Bambini2014;Genitive;gradini del pensiero;1;gradini;pensiero;;;;;;;;;;
Dataset_Bambini2014;Genitive;grappoli di mondi;1;grappoli;mondi;;;;;;;;;;
Dataset_Bambini2014;Genitive;grappolo di nidi;1;grappolo;nidi;;;;;;;;;;
Dataset_Bambini2014;Genitive;grido dell'anima;1;grido;anima;;;;;;;;;;
Dataset_Bambini2014;Genitive;grido delle campane;1;grido;campane;;;;;;;;;;
Dataset_Bambini2014;Genitive;grido di tempesta;1;grido;tempesta;;;;;;;;;;
Dataset_Bambini2014;Genitive;labbra di rubino;1;labbra;rubino;;;;;;;;;;
Dataset_Bambini2014;Genitive;lama di buio;1;lama;buio;;;;;;;;;;
Dataset_Bambini2014;Genitive;lampadina di fede;1;lampadina;fede;;;;;;;;;;
Dataset_Bambini2014;Genitive;lava di ghiaccio;1;lava;ghiaccio;;;;;;;;;;
Dataset_Bambini2014;Genitive;matassa di pasta;1;matassa;pasta;;;;;;;;;;
Dataset_Bambini2014;Genitive;miele dell'oblio;1;miele;oblio;;;;;;;;;;
Dataset_Bambini2014;Genitive;morso del pettine;1;morso;pettine;;;;;;;;;;
Dataset_Bambini2014;Genitive;naso di madreperla;1;naso;madreperla;;;;;;;;;;
Dataset_Bambini2014;Genitive;nidi d'illusione;1;nidi;illusione;;;;;;;;;;
Dataset_Bambini2014;Genitive;nodo d'angoscia;1;nodo;angoscia;;;;;;;;;;
Dataset_Bambini2014;Genitive;nuvole di fuoco;1;nuvole;fuoco;;;;;;;;;;
Dataset_Bambini2014;Genitive;nuvole di rami;1;nuvole;rami;;;;;;;;;;
Dataset_Bambini2014;Genitive;oasi di capelli;1;oasi;capelli;;;;;;;;;;
Dataset_Bambini2014;Genitive;oblio della valle;1;oblio;valle;;;;;;;;;;
Dataset_Bambini2014;Genitive;occhi d'acciaio;1;occhi;acciaio;;;;;;;;;;
Dataset_Bambini2014;Genitive;occhi di carbone;1;occhi;carbone;;;;;;;;;;
Dataset_Bambini2014;Genitive;occhio del pensiero;1;occhio;pensiero;;;;;;;;;;
Dataset_Bambini2014;Genitive;occhio di stelle;1;occhio;stelle;;;;;;;;;;
Dataset_Bambini2014;Genitive;ombra del vento;1;ombra;vento;;;;;;;;;;
Dataset_Bambini2014;Genitive;ombra di tristezza;1;ombra;tristezza;;;;;;;;;;
Dataset_Bambini2014;Genitive;ombre di pace;1;ombre;pace;;;;;;;;;;
Dataset_Bambini2014;Genitive;onda della musica;1;onda;musica;;;;;;;;;;
Dataset_Bambini2014;Genitive;onda della preghiera;1;onda;preghiera;;;;;;;;;;
Dataset_Bambini2014;Genitive;onda di lamento;1;onda;lamento;;;;;;;;;;
Dataset_Bambini2014;Genitive;onda di parole;1;onda;parole;;;;;;;;;;
Dataset_Bambini2014;Genitive;onda di riconoscenza;1;onda;riconoscenza;;;;;;;;;;
Dataset_Bambini2014;Genitive;onda di tristezza;1;onda;tristezza;;;;;;;;;;
Dataset_Bambini2014;Genitive;onde di venti;1;onde;venti;;;;;;;;;;
Dataset_Bambini2014;Genitive;pianto di stelle;1;pianto;stelle;;;;;;;;;;
Dataset_Bambini2014;Genitive;piede di vento;1;piede;vento;;;;;;;;;;
Dataset_Bambini2014;Genitive;pioggia di rose;1;pioggia;rose;;;;;;;;;;
Dataset_Bambini2014;Genitive;ponte d'argento;1;ponte;argento;;;;;;;;;;
Dataset_Bambini2014;Genitive;prato di velluto;1;prato;velluto;;;;;;;;;;
Dataset_Bambini2014;Genitive;rami d'oro;1;rami;oro;;;;;;;;;;
Dataset_Bambini2014;Genitive;respiro del mare;1;respiro;mare;;;;;;;;;;
Dataset_Bambini2014;Genitive;ruggine del fiato;1;ruggine;fiato;;;;;;;;;;
Dataset_Bambini2014;Genitive;ruscello di rose;1;ruscello;rose;;;;;;;;;;
Dataset_Bambini2014;Genitive;sangue dei vulcani;1;sangue;vulcani;;;;;;;;;;
Dataset_Bambini2014;Genitive;schermo di stoffa;1;schermo;stoffa;;;;;;;;;;
Dataset_Bambini2014;Genitive;scintilla di senape;1;scintilla;senape;;;;;;;;;;
Dataset_Bambini2014;Genitive;semi di dolore;1;semi;dolore;;;;;;;;;;
Dataset_Bambini2014;Genitive;siepe di granito;1;siepe;granito;;;;;;;;;;
Dataset_Bambini2014;Genitive;siepe di scrupoli;1;siepe;scrupoli;;;;;;;;;;
Dataset_Bambini2014;Genitive;silenzio degli occhi;1;silenzio;occhi;;;;;;;;;;
Dataset_Bambini2014;Genitive;soffio di paura;1;soffio;paura;;;;;;;;;;
Dataset_Bambini2014;Genitive;squillo di vetri;1;squillo;vetri;;;;;;;;;;
Dataset_Bambini2014;Genitive;stagno di buio;1;stagno;buio;;;;;;;;;;
Dataset_Bambini2014;Genitive;stracci di nubi;1;stracci;nubi;;;;;;;;;;
Dataset_Bambini2014;Genitive;sussurro dei rami;1;sussurro;rami;;;;;;;;;;
Dataset_Bambini2014;Genitive;terrazza di desolazione;1;terrazza;desolazione;;;;;;;;;;
Dataset_Bambini2014;Genitive;teschio di corallo;1;teschio;corallo;;;;;;;;;;
Dataset_Bambini2014;Genitive;tessuto di fumi;1;tessuto;fumi;;;;;;;;;;
Dataset_Bambini2014;Genitive;torrente di gioia;1;torrente;gioia;;;;;;;;;;
Dataset_Bambini2014;Genitive;torrente di voci;1;torrente;voci;;;;;;;;;;
Dataset_Bambini2014;Genitive;tramonti di sangue;1;tramonti;sangue;;;;;;;;;;
Dataset_Bambini2014;Genitive;uragano di sangue;1;uragano;sangue;;;;;;;;;;
Dataset_Bambini2014;Genitive;valle del sonno;1;valle;sonno;;;;;;;;;;
Dataset_Bambini2014;Genitive;velluto dell'ombra;1;velluto;ombra;;;;;;;;;;
Dataset_Bambini2014;Genitive;velo d'acqua;1;velo;acqua;;;;;;;;;;
Dataset_Bambini2014;Genitive;velo d'ombra;1;velo;ombra;;;;;;;;;;
Dataset_Bambini2014;Genitive;vene della terra;1;vene;terra;;;;;;;;;;
Dataset_Bambini2014;Genitive;voci dei fiumi;1;voci;fiumi;;;;;;;;;;
Dataset_Bambini2014;Genitive;volo del cuore;1;volo;cuore;;;;;;;;;;
Dataset_Bambini2014;Genitive;volto di fiamma;1;volto;fiamma;;;;;;;;;;
Dataset_Bambini2014;Genitive;zuffa di clamori;1;zuffa;clamori;;;;;;;;;;
Dataset_Bambini2016;Nominal predicative;Sai che cos'è quell'alito? È una fogna;1;alito;fogna;;;;;;;;;;
Dataset_Bambini2016;Nominal predicative;Sai che cos'è quell'esercito? È una diga;1;esercito;diga;;;;;;;;;;
Dataset_Bambini2016;Nominal predicative;Sai che cos'è quell'uragano? È un carrarmato;1;uragano;carrarmato;;;;;;;;;;
Dataset_Bambini2016;Nominal predicative;Sai che cos'è quel collega? È una zecca;1;collega;zecca;;;;;;;;;;
Dataset_Bambini2016;Nominal predicative;Sai che cos'è quel soldato? È un leone;1;soldato;leone;;;;;;;;;;
Dataset_Bambini2016;Nominal predicative;Sai che cos'è quell'acconciatura? È un cespuglio;1;acconciatura;cespuglio;;;;;;;;;;
Dataset_Bambini2016;Nominal predicative;Sai che cos'è quella carezza? È un balsamo;1;detergente;balsamo;;;;;;;;;;
Dataset_Bambini2016;Nominal predicative;Sai che cos'è quella fanciulla? È una rosa;1;fanciulla;rosa;;;;;;;;;;
Dataset_Bambini2016;Nominal predicative;Sai che cos'è quella lezione? È un sonnifero;1;lezione;sonnifero;;;;;;;;;;
Dataset_Bambini2016;Nominal predicative;Sai che cos'è quella malattia? È un cecchino;1;malattia;cecchino;;;;;;;;;;
Dataset_Bambini2016;Nominal predicative;Sai che cos'è quella melodia? È una camomilla;1;melodia;camomilla;;;;;;;;;;
Dataset_Bambini2016;Nominal predicative;Sai che cos'è quella notizia? È un terremoto;1;notizia;terremoto;;;;;;;;;;
Dataset_Bambini2016;Nominal predicative;Sai che cos'è quel matrimonio? È una quercia;1;matrimonio;quercia;;;;;;;;;;
Dataset_Bambini2016;Nominal predicative;Sai che cos'è quella nuvola? È una madreperla;1;nuvola;madreperla;;;;;;;;;;
Dataset_Bambini2016;Nominal predicative;Sai che cos'è quell'allegria? È una calamita;1;allegria;calamita;;;;;;;;;;
Dataset_Bambini2016;Nominal predicative;Sai che cos'è quel bacio? È una peperoncino;1;bacio;peperoncino;;;;;;;;;;
Dataset_Bambini2016;Nominal predicative;Sai che cos'è quel bimbetto? È una colla;1;bimbetto;colla;;;;;;;;;;
Dataset_Bambini2016;Nominal predicative;Sai che cos'è quella coda? È una processione;1;coda;processione;;;;;;;;;;
Dataset_Bambini2016;Nominal predicative;Sai che cos'è quel traffico? È una marmellata;1;traffico;marmellata;;;;;;;;;;
Dataset_Bambini2016;Nominal predicative;Sai che cos'è quel venditore? È un'ortica;1;venditore;ortica;;;;;;;;;;
Dataset_Bambini2016;Nominal predicative;Sai che cos'è quella bocca? È una fragola;1;bocca;fragola;;;;;;;;;;
Dataset_Bambini2016;Nominal predicative;Sai che cos'è quella punizione? È una medicina;1;punizione;medicina;;;;;;;;;;
Dataset_Bambini2016;Nominal predicative;Sai che cos'è quel cappello? È un faro;1;cappello;faro;;;;;;;;;;
Dataset_Bambini2016;Nominal predicative;Sai che cos'è quel giornalista? È una iena;1;giornalista;iena;;;;;;;;;;
Dataset_Bambini2016;Nominal predicative;Sai che cos'è quel videogioco? È una droga;1;videogioco;droga;;;;;;;;;;
Dataset_Bambini2016;Nominal predicative;Sai che cos'è quell'ideale? È un granito;1;ideale;granito;;;;;;;;;;
Dataset_Bambini2016;Nominal predicative;Sai che cos'è quel taschino? È una banca;1;taschino;banca;;;;;;;;;;
Dataset_Bambini2016;Nominal predicative;Sai che cos'è quel pubblico? È un'antenna;1;pubblico;antenna;;;;;;;;;;
Dataset_Bambini2016;Nominal predicative;Sai che cos'è quel pigiama? È un termosifone;1;pigiama;termosifone;;;;;;;;;;
Dataset_Bambini2016;Nominal predicative;Sai che cos'è quell'aguzzino? È un avvoltoio;1;aguzzino;avvoltoio;;;;;;;;;;
Dataset_Bambini2016;Nominal predicative;Sai che cos'è quell'emicrania? È un trapano;1;emicrania;trapano;;;;;;;;;;
Dataset_Bambini2016;Nominal predicative;Sai che cos'è quella mente? È un rebus;1;mente;rebus;;;;;;;;;;
Dataset_Bambini2016;Nominal predicative;Sai che cos'è quel naso? È un tartufo;1;naso;tartufo;;;;;;;;;;
Dataset_Bambini2016;Nominal predicative;Sai che cos'è quel postino? È un cronometro;1;postino;cronometro;;;;;;;;;;
Dataset_Bambini2016;Nominal predicative;Sai che cos'è quell'archivio? È una miniera;1;archivio;miniera;;;;;;;;;;
Dataset_Bambini2016;Nominal predicative;Sai che cos'è quella locomotiva? È un drago;1;locomotiva;drago;;;;;;;;;;
Dataset_Bambini2016;Nominal predicative;Sai che cos'è quella suocera? È una vipera;1;suocera;vipera;;;;;;;;;;
Dataset_Bambini2016;Nominal predicative;Sai che cos'è quello scienziato? È un orso;1;scienziato;orso;;;;;;;;;;
Dataset_Bambini2016;Nominal predicative;Sai che cos'è quella lirica? È un telegramma;1;lirica;telegramma;;;;;;;;;;
Dataset_Bambini2016;Nominal predicative;Sai che cos'è quella ruga? È un burrone;1;ruga;burrone;;;;;;;;;;
Dataset_Bambini2016;Nominal predicative;Sai che cos'è quel lago? È un cristallo;1;lago;cristallo;;;;;;;;;;
Dataset_Bambini2016;Nominal predicative;Sai che cos'è quel sorriso? È una stella;1;sorriso;stella;;;;;;;;;;
Dataset_Bambini2016;Nominal predicative;Sai che cos'è quel progresso? È un treno;1;progresso;treno;;;;;;;;;;
Dataset_Bambini2016;Nominal predicative;Sai che cos'è quella neve? È un sorbetto;1;neve;sorbetto;;;;;;;;;;
Dataset_Bambini2016;Nominal predicative;Sai che cos'è quella faccenda? È una matassa;1;faccenda;matassa;;;;;;;;;;
Dataset_Bambini2016;Nominal predicative;Sai che cos'è quell'erba? È un velluto;1;erba;velluto;;;;;;;;;;
Dataset_Bambini2016;Nominal predicative;Sai che cos'è quel neonato? È un bambolotto;1;neonato;bambolotto;;;;;;;;;;
Dataset_Bambini2016;Nominal predicative;Sai che cos'è quel strozzino? È un cannibale;1;strozzino;cannibale;;;;;;;;;;
Dataset_Bambini2016;Nominal predicative;Sai che cos'è quel mento? È un precipizio;1;mento;precipizio;;;;;;;;;;
Dataset_Bambini2016;Nominal predicative;Sai che cos'è quel viso? È una seta;1;viso;seta;;;;;;;;;;
Dataset_Bambini2016;Nominal predicative;Sai che cos'è quel ginnasta? È un burattino;1;ginnasta;burattino;;;;;;;;;;
Dataset_Bambini2016;Nominal predicative;Sai che cos'è quella ballerina? È una libellula;1;ballerina;libellula;;;;;;;;;;
Dataset_Bambini2016;Nominal predicative;Sai che cos'è quel ricordo? È un'essenza;1;ricordo;essenza;;;;;;;;;;
Dataset_Bambini2016;Nominal predicative;Sai che cos'è quella nebbia? È un muro;1;nebbia ;muro;;;;;;;;;;
Dataset_Bambini2016;Nominal predicative;Sai che cos'è quella curiosità? È un acido;1;curiosità;acido;;;;;;;;;;
Dataset_Bambini2016;Nominal predicative;Sai che cos'è quella maestra? È una ricotta;1;maestra;ricotta;;;;;;;;;;
Dataset_Bambini2016;Nominal predicative;Sai che cos'è quella memoria? È un registratore;1;memoria;registratore;;;;;;;;;;
Dataset_Bambini2016;Nominal predicative;Sai che cos'è quella filosofia? È una bussola;1;filosofia;bussola;;;;;;;;;;
Dataset_Bambini2016;Nominal predicative;Sai che cos'è quella nuotata? È un massaggio;1;nuotata;massaggio;;;;;;;;;;
Dataset_Bambini2016;Nominal predicative;Sai che cos'è quel filmato? È una bestemmia;1;filmato;bestemmia;;;;;;;;;;
Dataset_Bambini2016;Nominal predicative;Sai che cos'è quel processo? È una farsa;1;processo;farsa;;;;;;;;;;
Dataset_Bambini2016;Nominal predicative;Sai che cos'è quella voce? È una antifurto;1;voce;antifurto;;;;;;;;;;
Dataset_Bambini2016;Nominal predicative;Sai che cos'è quella vita? È un pellegrinaggio;1;vita;pellegrinaggio;;;;;;;;;;
Dataset_Bambini2016;Nominal predicative;Sai che cos'è quella giustificazione? È una porcellana;1;giustificazione;porcellana;;;;;;;;;;
Dataset_Bambini2016;Nominal predicative;Sai che cos'è quel tombino? È una fogna;0;tombino;fogna;;;;;;;;;;
Dataset_Bambini2016;Nominal predicative;Sai che cos'è quell'argine? È una diga;0;argine;diga;;;;;;;;;;
Dataset_Bambini2016;Nominal predicative;Sai che cos'è quel veicolo? È un carrarmato;0;veicolo;carrarmato;;;;;;;;;;
Dataset_Bambini2016;Nominal predicative;Sai che cos'è quell'animaletto? È una zecca;0;animaletto;zecca;;;;;;;;;;
Dataset_Bambini2016;Nominal predicative;Sai che cos'è quel felino? È un leone;0;felino;leone;;;;;;;;;;
Dataset_Bambini2016;Nominal predicative;Sai che cos'è quell'arbusto? È un cespuglio;0;arbusto;cespuglio;;;;;;;;;;
Dataset_Bambini2016;Nominal predicative;Sai che cos'è quella crema? È un balsamo;0;crema;balsamo;;;;;;;;;;
Dataset_Bambini2016;Nominal predicative;Sai che cos'è quel fiore? È una rosa;0;fiore;rosa;;;;;;;;;;
Dataset_Bambini2016;Nominal predicative;Sai che cos'è quella pastiglia? È un sonnifero;0;pastiglia;sonnifero;;;;;;;;;;
Dataset_Bambini2016;Nominal predicative;Sai che cos'è quel tiratore? È un cecchino;0;tiratore;cecchino;;;;;;;;;;
Dataset_Bambini2016;Nominal predicative;Sai che cos'è quella tisana? È una camomilla;0;tisana;camomilla;;;;;;;;;;
Dataset_Bambini2016;Nominal predicative;Sai che cos'è quella scossa? È un terremoto;0;scossa;terremoto;;;;;;;;;;
Dataset_Bambini2016;Nominal predicative;Sai che cos'è quell'albero? È una quercia;0;albero;quercia;;;;;;;;;;
Dataset_Bambini2016;Nominal predicative;Sai che cos'è quella conchiglia? È una madreperla;0;conchiglia;madreperla;;;;;;;;;;
Dataset_Bambini2016;Nominal predicative;Sai che cos'è quel dispositivo? È una calamita;0;dispositivo;calamita;;;;;;;;;;
Dataset_Bambini2016;Nominal predicative;Sai che cos'è quella spezia? È un peperoncino;0;spezia;peperoncino;;;;;;;;;;
Dataset_Bambini2016;Nominal predicative;Sai che cos'è quel tubetto? È una colla;0;tubetto;colla;;;;;;;;;;
Dataset_Bambini2016;Nominal predicative;Sai che cos'è quel corteo? È una processione;0;corteo;processione;;;;;;;;;;
Dataset_Bambini2016;Nominal predicative;Sai che cos'è quella conserva? È una marmellata;0;conserva;marmellata;;;;;;;;;;
Dataset_Bambini2016;Nominal predicative;Sai che cos'è quella pianticella? È un'ortica;0;pianticella;ortica;;;;;;;;;;
Dataset_Bambini2016;Nominal predicative;Sai che cos'è quel frutto? È una fragola;0;frutto;fragola;;;;;;;;;;
Dataset_Bambini2016;Nominal predicative;Sai che cos'è quello sciroppo? È una medicina;0;sciroppo;medicina;;;;;;;;;;
Dataset_Bambini2016;Nominal predicative;Sai che cos'è quel segnale? È un faro;0;segnale;faro;;;;;;;;;;
Dataset_Bambini2016;Nominal predicative;Sai che cos'è quel predatore? È una iena;0;predatore;iena;;;;;;;;;;
Dataset_Bambini2016;Nominal predicative;Sai che cos'è quella sostanza? È una droga;0;sostanza;droga;;;;;;;;;;
Dataset_Bambini2016;Nominal predicative;Sai che cos'è quella roccia? È un granito;0;roccia;granito;;;;;;;;;;
Dataset_Bambini2016;Nominal predicative;Sai che cos'è quel deposito? È una banca;0;deposito;banca;;;;;;;;;;
Dataset_Bambini2016;Nominal predicative;Sai che cos'è quel marchingegno? È un'antenna;0;marchingegno;antenna;;;;;;;;;;
Dataset_Bambini2016;Nominal predicative;Sai che cos'è quel tubo? È un termosifone;0;tubo;termosifone;;;;;;;;;;
Dataset_Bambini2016;Nominal predicative;Sai che cos'è quel rapace? È un avvoltoio;0;rapace;avvoltoio;;;;;;;;;;
Dataset_Bambini2016;Nominal predicative;Sai che cos'è quell'attrezzo? È un trapano;0;attrezzo;trapano;;;;;;;;;;
Dataset_Bambini2016;Nominal predicative;Sai che cos'è quella vignetta? È un rebus;0;vignetta;rebus;;;;;;;;;;
Dataset_Bambini2016;Nominal predicative;Sai che cos'è quel fungo? È un tartufo;0;fungo;tartufo;;;;;;;;;;
Dataset_Bambini2016;Nominal predicative;Sai che cos'è quel contatore? È un cronometro;0;contatore;cronometro;;;;;;;;;;
Dataset_Bambini2016;Nominal predicative;Sai che cos'è quello giacimento? È una miniera;0;giacimento;miniera;;;;;;;;;;
Dataset_Bambini2016;Nominal predicative;Sai che cos'è quel mostro? È un drago;0;mostro;drago;;;;;;;;;;
Dataset_Bambini2016;Nominal predicative;Sai che cos'è quel serpente? È una vipera;0;serpente;vipera;;;;;;;;;;
Dataset_Bambini2016;Nominal predicative;Sai che cos'è quell'animale? È un orso;0;animale;orso;;;;;;;;;;
Dataset_Bambini2016;Nominal predicative;Sai che cos'è quel comunicato? È un telegramma;0;comunicato;telegramma;;;;;;;;;;
Dataset_Bambini2016;Nominal predicative;Sai che cos'è quella valle? È un burrone;0;valle;burrone;;;;;;;;;;
Dataset_Bambini2016;Nominal predicative;Sai che cos'è quel vetro? È un cristallo;0;vetro;cristallo;;;;;;;;;;
Dataset_Bambini2016;Nominal predicative;Sai che cos'è quell'astro? È una stella;0;astro;stella;;;;;;;;;;
Dataset_Bambini2016;Nominal predicative;Sai che cos'è quel convoglio? È un treno;0;convoglio;treno;;;;;;;;;;
Dataset_Bambini2016;Nominal predicative;Sai che cos'è quel dolce? È un sorbetto;0;dolce;sorbetto;;;;;;;;;;
Dataset_Bambini2016;Nominal predicative;Sai che cos'è quel filo? È una matassa;0;filo;matassa;;;;;;;;;;
Dataset_Bambini2016;Nominal predicative;Sai che cos'è quel tessuto? È un velluto;0;tessuto;velluto;;;;;;;;;;
Dataset_Bambini2016;Nominal predicative;Sai che cos'è quel giocattolo? È un bambolotto;0;giocattolo;bambolotto;;;;;;;;;;
Dataset_Bambini2016;Nominal predicative;Sai che cos'è quell'indigeno? È un cannibale;0;indigeno;cannibale;;;;;;;;;;
Dataset_Bambini2016;Nominal predicative;Sai che cos'è quella rupe? È un precipizio;0;rupe;precipizio;;;;;;;;;;
Dataset_Bambini2016;Nominal predicative;Sai che cos'è quella stoffa? È una seta;0;stoffa;seta;;;;;;;;;;
Dataset_Bambini2016;Nominal predicative;Sai che cos'è quel pupazzo? È un burattino;0;pupazzo;burattino;;;;;;;;;;
Dataset_Bambini2016;Nominal predicative;Sai che cos'è quel volatile? È una libellula;0;volatile;libellula;;;;;;;;;;
Dataset_Bambini2016;Nominal predicative;Sai che cos'è quel profumo? È un'essenza;0;profumo;essenza;;;;;;;;;;
Dataset_Bambini2016;Nominal predicative;Sai che cos'è quella parete? È un muro;0;parete;muro;;;;;;;;;;
Dataset_Bambini2016;Nominal predicative;Sai che cos'è quel liquido? È un acido;0;liquido;acido;;;;;;;;;;
Dataset_Bambini2016;Nominal predicative;Sai che cos'è quel formaggio? È una ricotta;0;formaggio;ricotta;;;;;;;;;;
Dataset_Bambini2016;Nominal predicative;Sai che cos'è quell'apparecchio? È un registratore;0;apparecchio;registratore;;;;;;;;;;
Dataset_Bambini2016;Nominal predicative;Sai che cos'è quello strumento? È una bussola;0;strumento;bussola;;;;;;;;;;
Dataset_Bambini2016;Nominal predicative;Sai che cos'è quel trattamento? È un massaggio;0;trattamento;massaggio;;;;;;;;;;
Dataset_Bambini2016;Nominal predicative;Sai che cos'è quell'espressione? È una bestemmia;0;espressione;bestemmia;;;;;;;;;;
Dataset_Bambini2016;Nominal predicative;Sai che cos'è quella recita? È una farsa;0;recita;farsa;;;;;;;;;;
Dataset_Bambini2016;Nominal predicative;Sai che cos'è quella sirena? È un antifurto;0;sirena;antifurto;;;;;;;;;;
Dataset_Bambini2016;Nominal predicative;Sai che cos'è quel viaggio? È un pellegrinaggio;0;viaggio;pellegrinaggio;;;;;;;;;;
Dataset_Bambini2016;Nominal predicative;Sai che cos'è quella ceramica? È una porcellana;0;ceramica;porcellana;;;;;;;;;;
Dataset_Bambini2024;Nominal word pair;acconciatura cespuglio;1;acconciatura;cespuglio;;;;;;;;;;
Dataset_Bambini2024;Nominal word pair;giacca forno;1;giacca;forno;;;;;;;;;;
Dataset_Bambini2024;Nominal word pair;guancia pesca;1;guancia;pesca;;;;;;;;;;
Dataset_Bambini2024;Nominal word pair;torta montagna;1;torta;montagna;;;;;;;;;;
Dataset_Bambini2024;Nominal word pair;voce tromba;1;voce;tromba;;;;;;;;;;
Dataset_Bambini2024;Nominal word pair;allegria calamita;1;allegria;calamita;;;;;;;;;;
Dataset_Bambini2024;Nominal word pair;bacio peperoncino;1;bacio;peperoncino;;;;;;;;;;
Dataset_Bambini2024;Nominal word pair;bocca fragola;1;bocca;fragola;;;;;;;;;;
Dataset_Bambini2024;Nominal word pair;archivio miniera;1;archivio;miniera;;;;;;;;;;
Dataset_Bambini2024;Nominal word pair;vestito tenda;1;vestito;tenda;;;;;;;;;;
Dataset_Bambini2024;Nominal word pair;lago cristallo;1;lago;cristallo;;;;;;;;;;
Dataset_Bambini2024;Nominal word pair;progresso treno;1;progresso;treno;;;;;;;;;;
Dataset_Bambini2024;Nominal word pair;neve sorbetto;1;neve;sorbetto;;;;;;;;;;
Dataset_Bambini2024;Nominal word pair;moda onda;1;moda;onda;;;;;;;;;;
Dataset_Bambini2024;Nominal word pair;filosofia bussola;1;filosofia;bussola;;;;;;;;;;
Dataset_Bambini2024;Nominal word pair;foglio lama;1;foglio;lama;;;;;;;;;;
Dataset_Bambini2024;Nominal word pair;ricordo cicatrice;1;ricordo;cicatrice;;;;;;;;;;
Dataset_Bambini2024;Nominal word pair;orecchio padella;1;orecchio;padella;;;;;;;;;;
Dataset_Bambini2024;Nominal word pair;fantasia arcobaleno;1;fantasia;arcobaleno;;;;;;;;;;
Dataset_Bambini2024;Nominal word pair;mano grattugia;1;mano;grattugia;;;;;;;;;;
Dataset_Bambini2024;Nominal word pair;naso uncino;1;naso;uncino;;;;;;;;;;
Dataset_Bambini2024;Nominal word pair;denti ghigliottina;1;denti;ghigliottina;;;;;;;;;;
Dataset_Bambini2024;Nominal word pair;palpebre serranda;1;palpebre;serranda;;;;;;;;;;
Dataset_Bambini2024;Nominal word pair;ciglia ventaglio;1;ciglia;ventaglio;;;;;;;;;;
Dataset_Bambini2024;Nominal word pair;caviglia pallone;1;caviglia;pallone;;;;;;;;;;
Dataset_Bambini2024;Nominal word pair;unghia ruspa;1;unghia;ruspa;;;;;;;;;;
Dataset_Bambini2024;Nominal word pair;pelo ago;1;pelo;ago;;;;;;;;;;
Dataset_Bambini2024;Nominal word pair;fabbrica alveare;1;fabbrica;alveare;;;;;;;;;;
Dataset_Bambini2024;Nominal word pair;luna palloncino;1;luna;palloncino;;;;;;;;;;
Dataset_Bambini2024;Nominal word pair;sigaretta  proiettile;1;sigaretta ;proiettile;;;;;;;;;;
Dataset_Bambini2024;Nominal word pair;stanza discarica;1;stanza;discarica;;;;;;;;;;
Dataset_Bambini2024;Nominal word pair;computer  tartaruga;1;computer ;tartaruga;;;;;;;;;;
Dataset_Bambini2024;Nominal word pair;cappello fungo;1;cappello;fungo;;;;;;;;;;
Dataset_Bambini2024;Nominal word pair;grondaia scolapasta;1;grondaia;scolapasta;;;;;;;;;;
Dataset_Bambini2024;Nominal word pair;sonaglio camomilla;1;sonaglio;camomilla;;;;;;;;;;
Dataset_Bambini2024;Nominal word pair;firma geroglifico;1;firma;geroglifico;;;;;;;;;;
Dataset_Bambini2024;Nominal word pair;abiti petali;1;abiti;petali;;;;;;;;;;
Dataset_Bambini2024;Nominal word pair;mare smeraldo;1;mare;smeraldo;;;;;;;;;;
Dataset_Bambini2024;Nominal word pair;pannolino diga;1;pannolino;diga;;;;;;;;;;
Dataset_Bambini2024;Nominal word pair;aspirapolvere astronave;1;aspirapolvere;astronave;;;;;;;;;;
Dataset_Bambini2024;Nominal word pair;bar  cimitero;1;bar ;cimitero;;;;;;;;;;
Dataset_Bambini2024;Nominal word pair;linguaggio  ponte;1;linguaggio ;ponte;;;;;;;;;;
Dataset_Bambini2024;Nominal word pair;dubbio ombra;1;dubbio;ombra;;;;;;;;;;
Dataset_Bambini2024;Nominal word pair;sogni ali;1;sogni;ali;;;;;;;;;;
Dataset_Bambini2024;Nominal word pair;svago oasi;1;svago;oasi;;;;;;;;;;
Dataset_Bambini2024;Nominal word pair;umiliazione tatuaggio;1;umiliazione;tatuaggio;;;;;;;;;;
Dataset_Bambini2024;Nominal word pair;debito catena;1;debito;catena;;;;;;;;;;
Dataset_Bambini2024;Nominal word pair;autismo cactus;1;autismo;cactus;;;;;;;;;;
Dataset_Bambini2024;Nominal word pair;ottimismo batteria;1;ottimismo;batteria;;;;;;;;;;
Dataset_Bambini2024;Nominal word pair;sarcasmo pugnale;1;sarcasmo;pugnale;;;;;;;;;;
Dataset_Bambini2024;Nominal word pair;censura manette;1;censura;manette;;;;;;;;;;
Dataset_Bambini2024;Nominal word pair;ignoranza prigione;1;ignoranza;prigione;;;;;;;;;;
Dataset_Bambini2024;Nominal word pair;verità torcia;1;verità;torcia;;;;;;;;;;
Dataset_Bambini2024;Nominal word pair;vaccino ombrello;1;vaccino;ombrello;;;;;;;;;;
Dataset_Bambini2024;Nominal word pair;corruzione ragnatela;1;corruzione;ragnatela;;;;;;;;;;
Dataset_Bambini2024;Nominal word pair;regole gabbia;1;regole;gabbia;;;;;;;;;;
Dataset_Bambini2024;Nominal word pair;rimorso spina;1;rimorso;spina;;;;;;;;;;
Dataset_Bambini2024;Nominal word pair;fedeltà nodo;1;fedeltà;nodo;;;;;;;;;;
Dataset_Bambini2024;Nominal word pair;vita altalena;1;vita;altalena;;;;;;;;;;
Dataset_Bambini2024;Nominal word pair;speranza faro;1;speranza;faro;;;;;;;;;;
Dataset_Bambini2024;Nominal word pair;fede fiamma;1;fede;fiamma;;;;;;;;;;
Dataset_Bambini2024;Nominal word pair;intuizione chiavi;1;intuizione;chiavi;;;;;;;;;;
Dataset_Bambini2024;Nominal word pair;pregiudizio benda;1;pregiudizio;benda;;;;;;;;;;
Dataset_Bambini2024;Nominal word pair;stress bomba;1;stress;bomba;;;;;;;;;;
Dataset_Bambini2024;Nominal word pair;società mosaico;1;società;mosaico;;;;;;;;;;
Dataset_Bambini2024;Nominal word pair;politica giostra;1;politica;giostra;;;;;;;;;;
Dataset_Bambini2024;Nominal word pair;intelligenza scala;1;intelligenza;scala;;;;;;;;;;
Dataset_Bambini2024;Nominal word pair;famiglia nido;1;famiglia;nido;;;;;;;;;;
Dataset_Bambini2024;Nominal word pair;orgoglio scudo;1;orgoglio;scudo;;;;;;;;;;
Dataset_Bambini2024;Nominal word pair;curiosità lente;1;curiosità;lente;;;;;;;;;;
Dataset_Bambini2024;Nominal word pair;storia ruota;1;storia;ruota;;;;;;;;;;
Dataset_Bambini2024;Nominal word pair;tradimento ferita;1;tradimento;ferita;;;;;;;;;;
Dataset_Bambini2024;Nominal word pair;memoria quaderno;1;memoria;quaderno;;;;;;;;;;
Dataset_Bambini2024;Nominal word pair;opinione pendolo;1;opinione;pendolo;;;;;;;;;;
Dataset_Bambini2024;Nominal word pair;menzogna maschera;1;menzogna;maschera;;;;;;;;;;
Dataset_Bambini2024;Nominal word pair;burocrazia labirinto;1;burocrazia;labirinto;;;;;;;;;;
Dataset_Bambini2024;Nominal word pair;poesia violino;1;poesia;violino;;;;;;;;;;
Dataset_Bambini2024;Nominal word pair;istituzioni ingranaggi;1;istituzioni;ingranaggi;;;;;;;;;;
Dataset_Bambini2024;Nominal word pair;apparenza trappola;1;apparenza;trappola;;;;;;;;;;
Dataset_Bambini2024;Nominal word pair;idea scintilla;1;idea;scintilla;;;;;;;;;;
Dataset_Bambini2024;Nominal word pair;anima pianoforte;1;anima;pianoforte;;;;;;;;;;
Dataset_Bambini2024;Nominal word pair;lusinga miele;1;lusinga;miele;;;;;;;;;;
Dataset_Bambini2024;Nominal word pair;silenzio muro;1;silenzio;muro;;;;;;;;;;
Dataset_Bambini2024;Nominal word pair;cinismo armatura;1;cinismo;armatura;;;;;;;;;;
Dataset_Bambini2024;Nominal word pair;motivazione molla;1;motivazione;molla;;;;;;;;;;
Dataset_Bambini2024;Nominal word pair;entusiasmo vulcano;1;entusiasmo;vulcano;;;;;;;;;;
Dataset_Bambini2024;Nominal word pair;delusione crepa;1;delusione;crepa;;;;;;;;;;
Dataset_Bambini2024;Nominal word pair;paura tenaglia;1;paura;tenaglia;;;;;;;;;;
Dataset_Bambini2024;Nominal word pair;solitudine guscio;1;solitudine;guscio;;;;;;;;;;
Dataset_Bambini2024;Nominal word pair;coscienza specchio;1;coscienza;specchio;;;;;;;;;;
Dataset_Bambini2024;Nominal word pair;talento diamante;1;talento;diamante;;;;;;;;;;
Dataset_Bambini2024;Nominal word pair;amicizia cuscino;1;amicizia;cuscino;;;;;;;;;;
Dataset_Bambini2024;Nominal word pair;ossessione chiodo;1;ossessione;chiodo;;;;;;;;;;
Dataset_Bambini2024;Nominal word pair;interrogatorio tritacarne;1;interrogatorio;tritacarne;;;;;;;;;;
Dataset_Bambini2024;Nominal word pair;insistenza trapano;1;insistenza;trapano;;;;;;;;;;
Dataset_Bambini2024;Nominal word pair;cooperazione orchestra;1;cooperazione;orchestra;;;;;;;;;;
Dataset_Bambini2024;Nominal word pair;parole pietre;1;parole;pietre;;;;;;;;;;
Dataset_Bambini2024;Nominal word pair;rancore miccia;1;rancore;miccia;;;;;;;;;;
Dataset_Bambini2024;Nominal word pair;tempo torrente;1;tempo;torrente;;;;;;;;;;
Dataset_Bambini2024;Nominal word pair;pigiama stufa;1;pigiama;stufa;;;;;;;;;;
Dataset_Bambini2024;Nominal word pair;pelle ceramica;1;pelle;ceramica;;;;;;;;;;
Dataset_Bambini2024;Nominal word pair;pane spugna;1;pane;spugna;;;;;;;;;;
Dataset_Bambini2024;Nominal word pair;nebbia velo;1;nebbia;velo;;;;;;;;;;
Dataset_Bambini2024;Nominal word pair;sorriso sole;1;sorriso;sole;;;;;;;;;;
Dataset_Bambini2024;Nominal word pair;libro finestra;1;libro;finestra;;;;;;;;;;
Dataset_Bambini2024;Nominal word pair;aula teatro;1;aula;teatro;;;;;;;;;;
Dataset_Bambini2024;Nominal word pair;biblioteca tesoro;1;biblioteca;tesoro;;;;;;;;;;
Dataset_Bambini2024;Nominal word pair;mondo serra;1;mondo;serra;;;;;;;;;;
Dataset_Bambini2024;Nominal word pair;spaghetti colla;1;spaghetti;colla;;;;;;;;;;
Dataset_Bambini2024;Nominal word pair;tacchi trampoli;1;tacchi;trampoli;;;;;;;;;;
Dataset_Bambini2024;Nominal word pair;cravatta cappio;1;cravatta;cappio;;;;;;;;;;
Dataset_Bambini2024;Nominal word pair;patatine  cartone;1;patatine ;cartone;;;;;;;;;;
Dataset_Bambini2024;Nominal word pair;labbra gommone;1;labbra;gommone;;;;;;;;;;
Dataset_Bambini2024;Nominal word pair;vino rubino;1;vino;rubino;;;;;;;;;;
Dataset_Bambini2024;Nominal word pair;pianto cascata;1;pianto;cascata;;;;;;;;;;
Dataset_Bambini2024;Nominal word pair;piedi barca;1;piedi;barca;;;;;;;;;;
Dataset_Bambini2024;Nominal word pair;strada groviera;1;strada;groviera;;;;;;;;;;
Dataset_Bambini2024;Nominal word pair;barba lana;1;barba;lana;;;;;;;;;;
Dataset_Bambini2024;Nominal word pair;sentiero nastro;1;sentiero;nastro;;;;;;;;;;
Dataset_Bambini2024;Nominal word pair;orecchino lampadario;1;orecchino;lampadario;;;;;;;;;;
Dataset_Bambini2024;Nominal word pair;cervello noce;1;cervello;noce;;;;;;;;;;
Dataset_Bambini2024;Nominal word pair;caffè benzina;1;caffè;benzina;;;;;;;;;;
Dataset_Bambini2024;Nominal word pair;aeroplano piuma;1;aeroplano;piuma;;;;;;;;;;
Dataset_Bambini2024;Nominal word pair;lacrime fontana;1;lacrime;fontana;;;;;;;;;;
Dataset_Bambini2024;Nominal word pair;contratto guinzaglio;1;contratto;guinzaglio;;;;;;;;;;
Dataset_Bambini2024;Nominal word pair;film mattone;1;film;mattone;;;;;;;;;;
Dataset_Bambini2024;Nominal word pair;tramonto fuoco;1;tramonto;fuoco;;;;;;;;;;
Dataset_Bambini2024;Nominal word pair;nuvola perla;1;nuvola;perla;;;;;;;;;;
Dataset_Bambini2024;Nominal word pair;cespuglio more;0;more;cespuglio;;;;;;;;;;
Dataset_Bambini2024;Nominal word pair;forno patate;0;patate;forno;;;;;;;;;;
Dataset_Bambini2024;Nominal word pair;pesca mele;0;mele;pesca;;;;;;;;;;
Dataset_Bambini2024;Nominal word pair;montagna valle;0;valle;montagna;;;;;;;;;;
Dataset_Bambini2024;Nominal word pair;tromba flauto;0;flauto;tromba;;;;;;;;;;
Dataset_Bambini2024;Nominal word pair;calamita ferro;0;ferro;calamita;;;;;;;;;;
Dataset_Bambini2024;Nominal word pair;peperoncino spezie;0;spezie;peperoncino;;;;;;;;;;
Dataset_Bambini2024;Nominal word pair;fragola macedonia;0;macedonia;fragola;;;;;;;;;;
Dataset_Bambini2024;Nominal word pair;miniera piccone;0;piccone;miniera;;;;;;;;;;
Dataset_Bambini2024;Nominal word pair;tenda vetri;0;vetri;tenda;;;;;;;;;;
Dataset_Bambini2024;Nominal word pair;cristallo bicchiere;0;bicchiere;cristallo;;;;;;;;;;
Dataset_Bambini2024;Nominal word pair;treno stazione;0;stazione;treno;;;;;;;;;;
Dataset_Bambini2024;Nominal word pair;sorbetto slitta;0;slitta;sorbetto;;;;;;;;;;
Dataset_Bambini2024;Nominal word pair;onda schiuma;0;schiuma;onda;;;;;;;;;;
Dataset_Bambini2024;Nominal word pair;bussola mappa;0;mappa;bussola;;;;;;;;;;
Dataset_Bambini2024;Nominal word pair;lama coltello;0;coltello;lama;;;;;;;;;;
Dataset_Bambini2024;Nominal word pair;cicatrice taglio;0;taglio;cicatrice;;;;;;;;;;
Dataset_Bambini2024;Nominal word pair;padella verdure;0;verdure;padella;;;;;;;;;;
Dataset_Bambini2024;Nominal word pair;arcobaleno cielo;0;cielo;arcobaleno;;;;;;;;;;
Dataset_Bambini2024;Nominal word pair;grattugia formaggio;0;formaggio;grattugia;;;;;;;;;;
Dataset_Bambini2024;Nominal word pair;uncino capitano;0;capitano;uncino;;;;;;;;;;
Dataset_Bambini2024;Nominal word pair;ghigliottina boia;0;boia;ghigliottina;;;;;;;;;;
Dataset_Bambini2024;Nominal word pair;serranda negozio;0;negozio;serranda;;;;;;;;;;
Dataset_Bambini2024;Nominal word pair;ventaglio aria;0;aria;ventaglio;;;;;;;;;;
Dataset_Bambini2024;Nominal word pair;pallone calcio;0;calcio;pallone;;;;;;;;;;
Dataset_Bambini2024;Nominal word pair;ruspa cantiere;0;cantiere;ruspa;;;;;;;;;;
Dataset_Bambini2024;Nominal word pair;ago filo;0;filo;ago;;;;;;;;;;
Dataset_Bambini2024;Nominal word pair;alveare polline;0;polline;alveare;;;;;;;;;;
Dataset_Bambini2024;Nominal word pair;palloncino gioco;0;gioco;palloncino;;;;;;;;;;
Dataset_Bambini2024;Nominal word pair;proiettile pistola;0;pistola;proiettile;;;;;;;;;;
Dataset_Bambini2024;Nominal word pair;discarica rifiuto;0;rifiuto;discarica;;;;;;;;;;
Dataset_Bambini2024;Nominal word pair;tartaruga stagno;0;stagno;tartaruga;;;;;;;;;;
Dataset_Bambini2024;Nominal word pair;fungo bosco;0;bosco;fungo;;;;;;;;;;
Dataset_Bambini2024;Nominal word pair;scolapasta pasta;0;pasta;scolapasta;;;;;;;;;;
Dataset_Bambini2024;Nominal word pair;camomilla margherita;0;margherita;camomilla;;;;;;;;;;
Dataset_Bambini2024;Nominal word pair;geroglifico mummia;0;mummia;geroglifico;;;;;;;;;;
Dataset_Bambini2024;Nominal word pair;petali fiore;0;fiore;petali;;;;;;;;;;
Dataset_Bambini2024;Nominal word pair;smeraldo gemma;0;gemma;smeraldo;;;;;;;;;;
Dataset_Bambini2024;Nominal word pair;diga acqua;0;acqua;diga;;;;;;;;;;
Dataset_Bambini2024;Nominal word pair;astronave razzo;0;razzo;astronave;;;;;;;;;;
Dataset_Bambini2024;Nominal word pair;cimitero tomba;0;tomba;cimitero;;;;;;;;;;
Dataset_Bambini2024;Nominal word pair;ponte fiume;0;fiume;ponte;;;;;;;;;;
Dataset_Bambini2024;Nominal word pair;ombra buio;0;buio;ombra;;;;;;;;;;
Dataset_Bambini2024;Nominal word pair;ali volo;0;volo;ali;;;;;;;;;;
Dataset_Bambini2024;Nominal word pair;oasi palma;0;palma;oasi;;;;;;;;;;
Dataset_Bambini2024;Nominal word pair;tatuaggio disegno;0;disegno;tatuaggio;;;;;;;;;;
Dataset_Bambini2024;Nominal word pair;catena anello;0;anello;catena;;;;;;;;;;
Dataset_Bambini2024;Nominal word pair;cactus deserto;0;deserto;cactus;;;;;;;;;;
Dataset_Bambini2024;Nominal word pair;batteria telefono;0;telefono;batteria;;;;;;;;;;
Dataset_Bambini2024;Nominal word pair;pugnale spada;0;spada;pugnale;;;;;;;;;;
Dataset_Bambini2024;Nominal word pair;manette polsi;0;polsi;manette;;;;;;;;;;
Dataset_Bambini2024;Nominal word pair;prigione riformatorio;0;riformatorio;prigione;;;;;;;;;;
Dataset_Bambini2024;Nominal word pair;torcia grotta;0;grotta;torcia;;;;;;;;;;
Dataset_Bambini2024;Nominal word pair;ombrello pioggia;0;pioggia;ombrello;;;;;;;;;;
Dataset_Bambini2024;Nominal word pair;ragnatela polvere;0;polvere;ragnatela;;;;;;;;;;
Dataset_Bambini2024;Nominal word pair;gabbia sbarre;0;sbarre;gabbia;;;;;;;;;;
Dataset_Bambini2024;Nominal word pair;spina rosa;0;rosa;spina;;;;;;;;;;
Dataset_Bambini2024;Nominal word pair;nodo spago;0;spago;nodo;;;;;;;;;;
Dataset_Bambini2024;Nominal word pair;altalena parco;0;parco;altalena;;;;;;;;;;
Dataset_Bambini2024;Nominal word pair;faro luce;0;luce;faro;;;;;;;;;;
Dataset_Bambini2024;Nominal word pair;fiamma candela;0;candela;fiamma;;;;;;;;;;
Dataset_Bambini2024;Nominal word pair;chiavi lucchetto;0;lucchetto;chiavi;;;;;;;;;;
Dataset_Bambini2024;Nominal word pair;benda occhi;0;occhi;benda;;;;;;;;;;
Dataset_Bambini2024;Nominal word pair;bomba mina;0;mina;bomba;;;;;;;;;;
Dataset_Bambini2024;Nominal word pair;mosaico arte;0;arte;mosaico;;;;;;;;;;
Dataset_Bambini2024;Nominal word pair;giostra scivolo;0;scivolo;giostra;;;;;;;;;;
Dataset_Bambini2024;Nominal word pair;scala gradino;0;gradino;scala;;;;;;;;;;
Dataset_Bambini2024;Nominal word pair;nido uccello;0;uccello;nido;;;;;;;;;;
Dataset_Bambini2024;Nominal word pair;scudo stemma;0;stemma;scudo;;;;;;;;;;
Dataset_Bambini2024;Nominal word pair;lente occhiali;0;occhiali;lente;;;;;;;;;;
Dataset_Bambini2024;Nominal word pair;ruota carro;0;carro;ruota;;;;;;;;;;
Dataset_Bambini2024;Nominal word pair;ferita cerotto;0;cerotto;ferita;;;;;;;;;;
Dataset_Bambini2024;Nominal word pair;quaderno penna;0;penna;quaderno;;;;;;;;;;
Dataset_Bambini2024;Nominal word pair;pendolo orologio;0;orologio;pendolo;;;;;;;;;;
Dataset_Bambini2024;Nominal word pair;maschera carnevale;0;carnevale;maschera;;;;;;;;;;
Dataset_Bambini2024;Nominal word pair;labirinto siepe;0;siepe;labirinto;;;;;;;;;;
Dataset_Bambini2024;Nominal word pair;violino sonata;0;sonata;violino;;;;;;;;;;
Dataset_Bambini2024;Nominal word pair;ingranaggi macchina;0;macchina;ingranaggi;;;;;;;;;;
Dataset_Bambini2024;Nominal word pair;trappola topo;0;topo;trappola;;;;;;;;;;
Dataset_Bambini2024;Nominal word pair;scintilla fiammifero;0;fiammifero;scintilla;;;;;;;;;;
Dataset_Bambini2024;Nominal word pair;pianoforte tasto;0;tasto;pianoforte;;;;;;;;;;
Dataset_Bambini2024;Nominal word pair;miele sciroppo;0;sciroppo;miele;;;;;;;;;;
Dataset_Bambini2024;Nominal word pair;muro cemento;0;cemento;muro;;;;;;;;;;
Dataset_Bambini2024;Nominal word pair;armatura elmo;0;elmo;armatura;;;;;;;;;;
Dataset_Bambini2024;Nominal word pair;molla materasso;0;materasso;molla;;;;;;;;;;
Dataset_Bambini2024;Nominal word pair;vulcano lava;0;lava;vulcano;;;;;;;;;;
Dataset_Bambini2024;Nominal word pair;crepa parete;0;parete;crepa;;;;;;;;;;
Dataset_Bambini2024;Nominal word pair;tenaglia bullone;0;bullone;tenaglia;;;;;;;;;;
Dataset_Bambini2024;Nominal word pair;guscio uovo;0;uovo;guscio;;;;;;;;;;
Dataset_Bambini2024;Nominal word pair;specchio riflesso;0;riflesso;specchio;;;;;;;;;;
Dataset_Bambini2024;Nominal word pair;diamante diadema;0;diadema;diamante;;;;;;;;;;
Dataset_Bambini2024;Nominal word pair;cuscino letto;0;letto;cuscino;;;;;;;;;;
Dataset_Bambini2024;Nominal word pair;chiodo martello;0;martello;chiodo;;;;;;;;;;
Dataset_Bambini2024;Nominal word pair;tritacarne polpetta;0;polpetta;tritacarne;;;;;;;;;;
Dataset_Bambini2024;Nominal word pair;trapano buco;0;buco;trapano;;;;;;;;;;
Dataset_Bambini2024;Nominal word pair;orchestra concerto;0;concerto;orchestra;;;;;;;;;;
Dataset_Bambini2024;Nominal word pair;pietre vicolo;0;vicolo;pietre;;;;;;;;;;
Dataset_Bambini2024;Nominal word pair;miccia dinamite;0;dinamite;miccia;;;;;;;;;;
Dataset_Bambini2024;Nominal word pair;torrente ghiaia;0;ghiaia;torrente;;;;;;;;;;
Dataset_Bambini2024;Nominal word pair;stufa caldaia;0;caldaia;stufa;;;;;;;;;;
Dataset_Bambini2024;Nominal word pair;ceramica bambola;0;bambola;ceramica;;;;;;;;;;
Dataset_Bambini2024;Nominal word pair;spugna straccio;0;straccio;spugna;;;;;;;;;;
Dataset_Bambini2024;Nominal word pair;velo abito;0;abito;velo;;;;;;;;;;
Dataset_Bambini2024;Nominal word pair;sole raggi;0;raggi;sole;;;;;;;;;;
Dataset_Bambini2024;Nominal word pair;finestra tapparella;0;tapparella;finestra;;;;;;;;;;
Dataset_Bambini2024;Nominal word pair;teatro spettacolo;0;spettacolo;teatro;;;;;;;;;;
Dataset_Bambini2024;Nominal word pair;tesoro corona;0;corona;tesoro;;;;;;;;;;
Dataset_Bambini2024;Nominal word pair;serra pianta;0;pianta;serra;;;;;;;;;;
Dataset_Bambini2024;Nominal word pair;colla forbice;0;forbice;colla;;;;;;;;;;
Dataset_Bambini2024;Nominal word pair;trampoli circo;0;circo;trampoli;;;;;;;;;;
Dataset_Bambini2024;Nominal word pair;cappio corda;0;corda;cappio;;;;;;;;;;
Dataset_Bambini2024;Nominal word pair;cartone pacco;0;pacco;cartone;;;;;;;;;;
Dataset_Bambini2024;Nominal word pair;gommone salvagente;0;salvagente;gommone;;;;;;;;;;
Dataset_Bambini2024;Nominal word pair;rubino gioiello;0;gioiello;rubino;;;;;;;;;;
Dataset_Bambini2024;Nominal word pair;cascata roccia;0;roccia;cascata;;;;;;;;;;
Dataset_Bambini2024;Nominal word pair;barca vela;0;vela;barca;;;;;;;;;;
Dataset_Bambini2024;Nominal word pair;groviera parmigiano;0;parmigiano;groviera;;;;;;;;;;
Dataset_Bambini2024;Nominal word pair;lana cotone;0;cotone;lana;;;;;;;;;;
Dataset_Bambini2024;Nominal word pair;nastro regalo;0;regalo;nastro;;;;;;;;;;
Dataset_Bambini2024;Nominal word pair;lampadario soffitto;0;soffitto;lampadario;;;;;;;;;;
Dataset_Bambini2024;Nominal word pair;noce mandorla;0;mandorla;noce;;;;;;;;;;
Dataset_Bambini2024;Nominal word pair;benzina rifornimento;0;rifornimento;benzina;;;;;;;;;;
Dataset_Bambini2024;Nominal word pair;piuma oca;0;oca;piuma;;;;;;;;;;
Dataset_Bambini2024;Nominal word pair;fontana giardino;0;giardino;fontana;;;;;;;;;;
Dataset_Bambini2024;Nominal word pair;guinzaglio cane;0;cane;guinzaglio;;;;;;;;;;
Dataset_Bambini2024;Nominal word pair;mattone casa;0;casa;mattone;;;;;;;;;;
Dataset_Bambini2024;Nominal word pair;fuoco cenere;0;cenere;fuoco;;;;;;;;;;
Dataset_Bambini2024;Nominal word pair;perla collana;0;collana;perla;;;;;;;;;;
Dataset_Canal2022;Nominal predicative;Quegli avvocati sono squali;1;avvocato;squalo;;;;;;;;;;
Dataset_Canal2022;Nominal predicative;Quegli scalatori sono scoiattoli;1;scalatore;scoiattolo;;;;;;;;;;
Dataset_Canal2022;Nominal predicative;Quei banchieri sono vampiri ;1;banchiere;vampiro;;;;;;;;;;
Dataset_Canal2022;Nominal predicative;Quei giornalisti sono avvoltoi ;1;giornalista;avvoltoio;;;;;;;;;;
Dataset_Canal2022;Nominal predicative;Quelle ballerine sono farfalle ;1;ballerina;farfalla;;;;;;;;;;
Dataset_Canal2022;Nominal predicative;Quei venditori sono ortiche;1;venditore;ortica;;;;;;;;;;
Dataset_Canal2022;Nominal predicative;Quelle suocere sono vipere;1;suocera;vipera;;;;;;;;;;
Dataset_Canal2022;Nominal predicative;Le bambine sono zuccherini;1;bambina;zuccherino;;;;;;;;;;
Dataset_Canal2022;Nominal predicative;Quei chitarristi sono mitraglie;1;chitarrista;mitraglia;;;;;;;;;;
Dataset_Canal2022;Nominal predicative;Quei ministri sono banderuole;1;ministro;banderuola;;;;;;;;;;
Dataset_Canal2022;Nominal predicative;Certi impiegati sono zerbini;1;impiegato;zerbino;;;;;;;;;;
Dataset_Canal2022;Nominal predicative;Certi poliziotti sono mastini;1;poliziotto;mastino;;;;;;;;;;
Dataset_Canal2022;Nominal predicative;I neonati sono batuffoli;1;neonato;batuffolo;;;;;;;;;;
Dataset_Canal2022;Nominal predicative;Certi cantanti sono usignoli;1;cantante;usignolo;;;;;;;;;;
Dataset_Canal2022;Nominal predicative;I pesisti sono ippopotami;1;pesista;ippopotamo;;;;;;;;;;
Dataset_Canal2022;Nominal predicative;Molti cuochi sono mongolfiere;1;cuoco;mongolfiera;;;;;;;;;;
Dataset_Canal2022;Nominal predicative;Certe ragazze sono spighe;1;ragazza;spiga;;;;;;;;;;
Dataset_Canal2022;Nominal predicative;I brontoloni sono caffettiere;1;brontolone;caffettiera;;;;;;;;;;
Dataset_Canal2022;Nominal predicative;Gli sposi sono pinguini;1;sposo;pinguino;;;;;;;;;;
Dataset_Canal2022;Nominal predicative;Certi soldati sono birilli;1;soldato;birillo;;;;;;;;;;
Dataset_Canal2022;Nominal predicative;I bebè sono anatroccoli;1;bebè;anatroccolo;;;;;;;;;;
Dataset_Canal2022;Nominal predicative;Quei tennisti sono brocchi;1;tennista;brocco;;;;;;;;;;
Dataset_Canal2022;Nominal predicative;Le ginnaste sono libellule;1;ginnasta;libellula;;;;;;;;;;
Dataset_Canal2022;Nominal predicative;I pianisti sono polipi;1;pianista;polipo;;;;;;;;;;
Dataset_Canal2022;Nominal predicative;Certi politici sono pavoni;1;politico;pavone;;;;;;;;;;
Dataset_Canal2022;Nominal predicative;I bagnini sono lucertole;1;bagnino;lucertola;;;;;;;;;;
Dataset_Canal2022;Nominal predicative;Alcuni dipendenti sono marionette;1;dipendente;marionetta;;;;;;;;;;
Dataset_Canal2022;Nominal predicative;Certi degenti sono mummie;1;degente;mummia;;;;;;;;;;
Dataset_Canal2022;Nominal predicative;I postini sono trottole;1;postino;trottola;;;;;;;;;;
Dataset_Canal2022;Nominal predicative;Alcuni insegnanti sono ghiaccioli;1;insegnante;ghiacciolo;;;;;;;;;;
Dataset_Canal2022;Nominal predicative;I fuggitivi sono saponette;1;fuggitivo;saponetta;;;;;;;;;;
Dataset_Canal2022;Nominal predicative;Alcuni capiufficio sono iene;1;capufficio;iena;;;;;;;;;;
Dataset_Canal2022;Nominal predicative;Gli investigatori sono tarli;1;investigatore;tarlo;;;;;;;;;;
Dataset_Canal2022;Nominal predicative;I ballerini sono cigni;1;ballerino;cigno;;;;;;;;;;
Dataset_Canal2022;Nominal predicative;Certe nuore sono trapani;1;nuora;trapano;;;;;;;;;;
Dataset_Canal2022;Nominal predicative;I fruttivendoli sono megafoni;1;fruttivendolo;megafono;;;;;;;;;;
Dataset_Canal2022;Nominal predicative;Certi amici sono ancore;1;amico;ancora;;;;;;;;;;
Dataset_Canal2022;Nominal predicative;I filosofi sono aeroplani;1;filosofo;aeroplano;;;;;;;;;;
Dataset_Canal2022;Nominal predicative;Gli archeologi sono talpe;1;archeologo;talpa;;;;;;;;;;
Dataset_Canal2022;Nominal predicative;Certi burocrati sono fossili;1;burocrate;fossile;;;;;;;;;;
Dataset_Canal2022;Nominal predicative;Gli anziani sono lumache;1;anziano;lumaca;;;;;;;;;;
Dataset_Canal2022;Nominal predicative;Quegli adepti sono cagnolini;1;adepto;cagnolino;;;;;;;;;;
Dataset_Canal2022;Nominal predicative;I bambini sono pappagalli;1;bambino;pappagallo;;;;;;;;;;
Dataset_Canal2022;Nominal predicative;I corridori sono lepri;1;corridore;lepre;;;;;;;;;;
Dataset_Canal2022;Nominal predicative;I figli sono stampelle;1;figlio;stampella;;;;;;;;;;
Dataset_Canal2022;Nominal predicative;Certi professori sono lanterne;1;professore;lanterna;;;;;;;;;;
Dataset_Canal2022;Nominal predicative;Alcuni scolari sono uragani;1;scolaro;uragano;;;;;;;;;;
Dataset_Canal2022;Nominal predicative;I fumatori sono barbecue;1;fumatore;barbecue;;;;;;;;;;
Dataset_Canal2022;Nominal predicative;Certe donne sono altoparlanti;1;donna;altoparlante;;;;;;;;;;
Dataset_Canal2022;Nominal predicative;I credenti sono greggi;1;credente;gregge;;;;;;;;;;
Dataset_Canal2022;Nominal predicative;I fattorini sono grilli;1;fattorino;grillo;;;;;;;;;;
Dataset_Canal2022;Nominal predicative;Alcuni dentisti sono ruspe;1;dentista;ruspa;;;;;;;;;;
Dataset_Canal2022;Nominal predicative;I nonni sono pilastri;1;nonno;pilastro;;;;;;;;;;
Dataset_Canal2022;Nominal predicative;Le nonne sono bussole;1;nonna;bussola;;;;;;;;;;
Dataset_Canal2022;Nominal predicative;Molti giovani sono rebus;1;giovane;rebus;;;;;;;;;;
Dataset_Canal2022;Nominal predicative;Gli acrobati sono vortici;1;acrobata;vortice;;;;;;;;;;
Dataset_Canal2022;Nominal predicative;Le maestre sono enciclopedie;1;maestra;enciclopedia;;;;;;;;;;
Dataset_Canal2022;Nominal predicative;I portieri sono saracinesche;1;portiere;saracinesca;;;;;;;;;;
Dataset_Canal2022;Nominal predicative;Certi mariti sono massi;1;marito;masso;;;;;;;;;;
Dataset_Canal2022;Nominal predicative;Gli storici sono cannocchiali;1;storico;cannocchiale;;;;;;;;;;
Dataset_Canal2022;Nominal predicative;Certi fidanzati sono pupazzi;1;fidanzato;pupazzo;;;;;;;;;;
Dataset_Canal2022;Nominal predicative;Gli oppositori sono muli;1;oppositore;mulo;;;;;;;;;;
Dataset_Canal2022;Nominal predicative;I punk sono galli;1;punk;gallo;;;;;;;;;;
Dataset_Canal2022;Nominal predicative;I pugili sono panda;1;pugile;panda;;;;;;;;;;
Dataset_Canal2022;Nominal predicative;Molti automobilisti sono schegge;1;automobilista;scheggia;;;;;;;;;;
Dataset_Canal2022;Nominal predicative;I magazzinieri sono robot;1;magazziniere;robot;;;;;;;;;;
Dataset_Canal2022;Nominal predicative;I giocatori sono volpi;1;giocatore;volpe;;;;;;;;;;
Dataset_Canal2022;Nominal predicative;I gemelli sono fotocopie;1;gemello;fotocopia;;;;;;;;;;
Dataset_Canal2022;Nominal predicative;Gli adolescenti sono pendoli;1;adolescente;pendolo;;;;;;;;;;
Dataset_Canal2022;Nominal predicative;Quei cestisti sono draghi;1;cestista;drago;;;;;;;;;;
Dataset_Canal2022;Nominal predicative;Alcune fanciulle sono porcellane;1;fanciulla;porcellana;;;;;;;;;;
Dataset_Canal2022;Nominal predicative;Certe mogli sono martelli;1;moglie;martello;;;;;;;;;;
Dataset_Canal2022;Nominal predicative;Gli operai sono formiche;1;operaio;formica;;;;;;;;;;
Dataset_Canal2022;Nominal predicative;Alcuni fanciulli sono agnelli;1;fanciullo;agnello;;;;;;;;;;
Dataset_Canal2022;Nominal predicative;Certi alunni sono asini;1;alunno;asino;;;;;;;;;;
Dataset_Canal2022;Nominal predicative;I pazzi sono labirinti;1;pazzo;labirinto;;;;;;;;;;
Dataset_Canal2022;Nominal predicative;Alcuni chef sono botti;1;chef;botto;;;;;;;;;;
Dataset_Canal2022;Nominal predicative;Alcune soubrette sono scheletri;1;soubrette;scheletro;;;;;;;;;;
Dataset_Canal2022;Nominal predicative;I disertori sono conigli;1;disertore;coniglio;;;;;;;;;;
Dataset_Canal2022;Nominal predicative;Certe ragazzine sono perle;1;ragazzina;perla;;;;;;;;;;
Dataset_Canal2022;Nominal predicative;Quei saltatori sono molle;1;saltatore;molla;;;;;;;;;;
Dataset_Canal2022;Nominal predicative;I papà sono ombrelli;1;papà;ombrello;;;;;;;;;;
Dataset_Canal2022;Nominal predicative;I vecchi sono tartarughe;1;vecchio;tartaruga;;;;;;;;;;
Dataset_Canal2022;Nominal predicative;Gli astronauti sono piume;1;astronauta;piuma;;;;;;;;;;
Dataset_Canal2022;Nominal predicative;I rugbisti sono tori;1;rugbista;toro;;;;;;;;;;
Dataset_Canal2022;Nominal predicative;Gli Svizzeri sono cronometri;1;svizzero;cronometro;;;;;;;;;;
Dataset_Canal2022;Nominal predicative;Certi cantautori sono campane;1;cantautore;campana;;;;;;;;;;
Dataset_Canal2022;Nominal predicative;I genitori sono scudi;1;genitore;scudo;;;;;;;;;;
Dataset_Canal2022;Nominal predicative;Gli ubriaconi sono spugne;1;ubriacone;spugna;;;;;;;;;;
Dataset_Canal2022;Nominal predicative;Le segretarie sono agende;1;segretaria;agenda;;;;;;;;;;
Dataset_Canal2022;Nominal predicative;I leader sono fari;1;leader;faro;;;;;;;;;;
Dataset_Canal2022;Nominal predicative;I poppanti sono fontane;1;poppante;fontana;;;;;;;;;;
Dataset_Canal2022;Nominal predicative;I calciatori sono frecce;1;calciatore;freccia;;;;;;;;;;
Dataset_Canal2022;Nominal predicative;I tossicodipendenti sono discariche;1;tossicodipendente;discarica;;;;;;;;;;
Dataset_Canal2022;Nominal predicative;I ciclisti sono razzi;1;ciclista;razzo;;;;;;;;;;
Dataset_Canal2022;Nominal predicative;I taxisti sono mappe;1;taxista;mappa;;;;;;;;;;
Dataset_Canal2022;Nominal predicative;Le spie sono serpenti;1;spia;serpente;;;;;;;;;;
Dataset_Canal2022;Nominal predicative;Alcuni ragazzini sono terremoti;1;ragazzino;terremoto;;;;;;;;;;
Dataset_Canal2022;Nominal predicative;Molti atleti sono fulmini;1;atleta;fulmine;;;;;;;;;;
Dataset_Canal2022;Nominal predicative;Gli scienziati sono lampi;1;scienziato;lampo;;;;;;;;;;
Dataset_Canal2022;Nominal predicative;Gli eremiti sono lupi;1;eremita;lupo;;;;;;;;;;
Dataset_Canal2022;Nominal predicative;I culturisti sono sculture;1;culturista;scultura;;;;;;;;;;
Dataset_Canal2022;Nominal predicative;I giudici sono bilance;1;giudice;bilancia;;;;;;;;;;
Dataset_Canal2022;Nominal predicative;Le bibliotecarie sono rubriche;1;bibliotecaria;rubrica;;;;;;;;;;
Dataset_Canal2022;Nominal predicative;Alcuni marmocchi sono tempeste;1;marmocchio;tempesta;;;;;;;;;;
Dataset_Canal2022;Nominal predicative;I pompieri sono leoni;1;pompiere;leone;;;;;;;;;;
Dataset_Canal2022;Nominal predicative;Le spose sono nuvole;1;sposa;nuvola;;;;;;;;;;
Dataset_Canal2022;Nominal predicative;I buttafuori sono armadi;1;buttafuori;armadio;;;;;;;;;;
Dataset_Canal2022;Nominal predicative;Certi ex sono ferite;1;ex;ferita;;;;;;;;;;
Dataset_Canal2022;Nominal predicative;Gli attori sono maschere;1;attore;maschera;;;;;;;;;;
Dataset_Canal2022;Nominal predicative;Le guardie sono statue;1;guardia;statua;;;;;;;;;;
Dataset_Canal2022;Nominal predicative;I muratori sono rocce;1;muratore;roccia;;;;;;;;;;
Dataset_Canal2022;Nominal predicative;Alcune modelle sono fantasmi;1;modella;fantasma;;;;;;;;;;
Dataset_Canal2022;Nominal predicative;Le sorelle sono colonne;1;sorella;colonna;;;;;;;;;;
Dataset_Canal2022;Nominal predicative;I compagni sono specchi;1;compagno;specchio;;;;;;;;;;
Dataset_Canal2022;Nominal predicative;I corrieri sono orologi;1;corriere;orologio;;;;;;;;;;
Dataset_Canal2022;Nominal predicative;I parenti sono radici;1;parente;radice;;;;;;;;;;
Dataset_Canal2022;Nominal predicative;Gli amanti sono fiamme;1;amante;fiamma;;;;;;;;;;
Dataset_Canal2022;Nominal predicative;I tifosi sono onde;1;tifoso;onda;;;;;;;;;;
Dataset_Canal2022;Nominal predicative;I confidenti sono pesci;1;confidente;pesce;;;;;;;;;;
Dataset_Canal2022;Nominal predicative;I canottieri sono montagne;1;canottiere;montagna;;;;;;;;;;
Dataset_Canal2022;Nominal predicative;Gli alleati sono muri;1;alleato;muro;;;;;;;;;;
Dataset_Canal2022;Nominal predicative;I fratelli sono spalle;1;fratello;spalla;;;;;;;;;;
Dataset_Canal2022;Nominal predicative;I maestri sono libri;1;maestro;libro;;;;;;;;;;
Dataset_MetaBody;Nominal predicative;Quell'alito è una fogna;1;alito;fogna;;;;;;;;;;
Dataset_MetaBody;Nominal predicative;Quell'uragano è un carrarmato;1;uragano;carrarmato;;;;;;;;;;
Dataset_MetaBody;Nominal predicative;Quella borsa è un macigno;1;borsa;macigno;;;;;;;;;;
Dataset_MetaBody;Nominal predicative;Quella città è una giungla;1;città;giungla;;;;;;;;;;
Dataset_MetaBody;Nominal predicative;Quelle guance sono pesche ;1;guancia;pesca;;;;;;;;;;
Dataset_MetaBody;Nominal predicative;Quel bacio è un peperoncino;1;bacio;peperoncino;;;;;;;;;;
Dataset_MetaBody;Nominal predicative;Quella bocca è una fragola;1;bocca;fragola;;;;;;;;;;
Dataset_MetaBody;Nominal predicative;Quella locomotiva è un drago;1;locomotiva;drago;;;;;;;;;;
Dataset_MetaBody;Nominal predicative;Quella ruga è un burrone;1;ruga;burrone;;;;;;;;;;
Dataset_MetaBody;Nominal predicative;Quel vestito è una tenda;1;vestito;tenda;;;;;;;;;;
Dataset_MetaBody;Nominal predicative;Quel lago è un cristallo;1;lago;cristallo;;;;;;;;;;
Dataset_MetaBody;Nominal predicative;Quel sorriso è una stella;1;sorriso;stella;;;;;;;;;;
Dataset_MetaBody;Nominal predicative;Quella pelle è una porcellana;1;pelle;porcellana;;;;;;;;;;
Dataset_MetaBody;Nominal predicative;Quel prato è un velluto;1;prato;velluto;;;;;;;;;;
Dataset_MetaBody;Nominal predicative;Quel mento è un precipizio;1;mento;precipizio;;;;;;;;;;
Dataset_MetaBody;Nominal predicative;Quel viso è una seta;1;viso;seta;;;;;;;;;;
Dataset_MetaBody;Nominal predicative;Quella nebbia è un muro;1;nebbia ;muro;;;;;;;;;;
Dataset_MetaBody;Nominal predicative;Quell'orecchio è una padella;1;orecchio;padella;;;;;;;;;;
Dataset_MetaBody;Nominal predicative;Quella mano è una grattugia;1;mano;grattugia;;;;;;;;;;
Dataset_MetaBody;Nominal predicative;Quel naso è un uncino;1;naso;uncino;;;;;;;;;;
Dataset_MetaBody;Nominal predicative;Quei denti sono una ghigliottina;1;dente;ghigliottina;;;;;;;;;;
Dataset_MetaBody;Nominal predicative;Quelle palpebre sono serrande;1;palpebra;serranda;;;;;;;;;;
Dataset_MetaBody;Nominal predicative;Quelle ciglia sono un ventaglio;1;ciglia;ventaglio;;;;;;;;;;
Dataset_MetaBody;Nominal predicative;Quei piedi sono zattere;1;piede;zattere;;;;;;;;;;
Dataset_MetaBody;Nominal predicative;Quella pancia è una mongolfiera;1;pancia;mongolfiera;;;;;;;;;;
Dataset_MetaBody;Nominal predicative;Quella barba è un batuffolo;1;barba;batuffolo;;;;;;;;;;
Dataset_MetaBody;Nominal predicative;Quegli zigomi sono montagne;1;zigomo;montagna;;;;;;;;;;
Dataset_MetaBody;Nominal predicative;Quelle gambe sono trampoli;1;gamba;trampolo;;;;;;;;;;
Dataset_MetaBody;Nominal predicative;Quella caviglia è un pallone;1;caviglia;pallone;;;;;;;;;;
Dataset_MetaBody;Nominal predicative;Quel braccio è una sbarra;1;braccio;sbarra;;;;;;;;;;
Dataset_MetaBody;Nominal predicative;Quei capelli sono spaghetti;1;capello;spaghetto;;;;;;;;;;
Dataset_MetaBody;Nominal predicative;Quella fronte è una pianura;1;fronte;pianura;;;;;;;;;;
Dataset_MetaBody;Nominal predicative;Quegli addominali sono marmo;1;addominale;marmo;;;;;;;;;;
Dataset_MetaBody;Nominal predicative;Quelle labbra sono un canotto;1;labbro;canotto;;;;;;;;;;
Dataset_MetaBody;Nominal predicative;Quei bicipiti sono sassi;1;bicipite;sasso;;;;;;;;;;
Dataset_MetaBody;Nominal predicative;Quelle unghie sono ruspe;1;unghia;ruspa;;;;;;;;;;
Dataset_MetaBody;Nominal predicative;Quelle dita sono tentacoli;1;dito;tentacolo;;;;;;;;;;
Dataset_MetaBody;Nominal predicative;Quei peli sono aghi;1;pelo;ago;;;;;;;;;;
Dataset_MetaBody;Nominal predicative;Quel brufolo è un vulcano;1;brufolo;vulcano;;;;;;;;;;
Dataset_MetaBody;Nominal predicative;Quel neo è una mora;1;neo;mora;;;;;;;;;;
Dataset_MetaBody;Nominal predicative;Quell'autostrada è un serpente;1;autostrada;serpente;;;;;;;;;;
Dataset_MetaBody;Nominal predicative;Quella fabbrica è un alveare;1;fabbrica;alveare;;;;;;;;;;
Dataset_MetaBody;Nominal predicative;Quella luna è un palloncino;1;luna;palloncino;;;;;;;;;;
Dataset_MetaBody;Nominal predicative;Quella sigaretta è un proiettile;1;sigaretta ;proiettile;;;;;;;;;;
Dataset_MetaBody;Nominal predicative;Quella stanza è una discarica;1;stanza;discarica;;;;;;;;;;
Dataset_MetaBody;Nominal predicative;Quel computer è una tartaruga;1;computer ;tartaruga;;;;;;;;;;
Dataset_MetaBody;Nominal predicative;Quel libro è una lanterna;1;libro;lanterna;;;;;;;;;;
Dataset_MetaBody;Nominal predicative;Quell'automobile è un missile;1;automobile;missile;;;;;;;;;;
Dataset_MetaBody;Nominal predicative;Quel cavo è un gomitolo;1;cavo;gomitolo;;;;;;;;;;
Dataset_MetaBody;Nominal predicative;Quel cappello è un fungo;1;cappello;fungo;;;;;;;;;;
Dataset_MetaBody;Nominal predicative;Quella grondaia è uno scolapasta;1;grondaia;scolapasta;;;;;;;;;;
Dataset_MetaBody;Nominal predicative;Quella casa è un gioiello;1;casa;gioiello;;;;;;;;;;
Dataset_MetaBody;Nominal predicative;Quell'ospedale è un labirinto;1;ospedale;labirinto;;;;;;;;;;
Dataset_MetaBody;Nominal predicative;Quel diario è una miniera;1;diario;miniera;;;;;;;;;;
Dataset_MetaBody;Nominal predicative;Quell'aiuola è un arcobaleno;1;aiuola;arcobaleno;;;;;;;;;;
Dataset_MetaBody;Nominal predicative;Quel sonaglio è una camomilla;1;sonaglio;camomilla;;;;;;;;;;
Dataset_MetaBody;Nominal predicative;Quella nuvola è una perla;1;nuvola;perla;;;;;;;;;;
Dataset_MetaBody;Nominal predicative;Quella firma è un geroglifico;1;firma;geroglifico;;;;;;;;;;
Dataset_MetaBody;Nominal predicative;Quegli abiti sono petali;1;abito;petalo;;;;;;;;;;
Dataset_MetaBody;Nominal predicative;Quel mare è uno smeraldo;1;mare;smeraldo;;;;;;;;;;
Dataset_MetaBody;Nominal predicative;Quella piscina è un brodo;1;piscina;brodo;;;;;;;;;;
Dataset_MetaBody;Nominal predicative;Quel pannolino è una diga;1;pannolino;diga;;;;;;;;;;
Dataset_MetaBody;Nominal predicative;Quell'aspirapolvere è un'astronave;1;aspirapolvere;astronave;;;;;;;;;;
Dataset_MetaBody;Nominal predicative;Quel bar è un cimitero;1;bar ;cimitero;;;;;;;;;;
Dataset_MetaBody;Nominal predicative;Quell'alito è fresco;0;alito;fresco;;;;;;;;;;
Dataset_MetaBody;Nominal predicative;Quell'uragano è devastante;0;uragano;devastante;;;;;;;;;;
Dataset_MetaBody;Nominal predicative;Quella borsa è davvero capiente;0;borsa;capiente;;;;;;;;;;
Dataset_MetaBody;Nominal predicative;Quella città è proprio caotica;0;città;caotico;;;;;;;;;;
Dataset_MetaBody;Nominal predicative;Quelle guance sono pallide;0;guancia;pallido;;;;;;;;;;
Dataset_MetaBody;Nominal predicative;Quel bacio è appassionato;0;bacio;appassionato;;;;;;;;;;
Dataset_MetaBody;Nominal predicative;Quella bocca è morbida ;0;bocca;morbido;;;;;;;;;;
Dataset_MetaBody;Nominal predicative;Quella locomotiva è rumorosa;0;locomotiva;rumoroso;;;;;;;;;;
Dataset_MetaBody;Nominal predicative;Quella ruga è molto sottile;0;ruga;sottile;;;;;;;;;;
Dataset_MetaBody;Nominal predicative;Quel vestito è molto corto;0;vestito;corto;;;;;;;;;;
Dataset_MetaBody;Nominal predicative;Quel lago è artificiale;0;lago;artificiale;;;;;;;;;;
Dataset_MetaBody;Nominal predicative;Quel sorriso è contagioso;0;sorriso;contagioso;;;;;;;;;;
Dataset_MetaBody;Nominal predicative;Quella pelle è ruvida;0;pelle;ruvido;;;;;;;;;;
Dataset_MetaBody;Nominal predicative;Quel prato è fiorito;0;prato;fiorito;;;;;;;;;;
Dataset_MetaBody;Nominal predicative;Quel mento è sporgente ;0;mento;sporgente;;;;;;;;;;
Dataset_MetaBody;Nominal predicative;Quel viso è molto magro;0;viso;magro;;;;;;;;;;
Dataset_MetaBody;Nominal predicative;Quella nebbia è proprio fitta ;0;nebbia ;fitto;;;;;;;;;;
Dataset_MetaBody;Nominal predicative;Quell'orecchio è arrossato;0;orecchio;arrossato;;;;;;;;;;
Dataset_MetaBody;Nominal predicative;Quella mano è rugosa;0;mano;rugoso;;;;;;;;;;
Dataset_MetaBody;Nominal predicative;Quel naso è proprio affilato;0;naso;affilato;;;;;;;;;;
Dataset_MetaBody;Nominal predicative;Quei denti sono ingialliti;0;dente;ingiallito;;;;;;;;;;
Dataset_MetaBody;Nominal predicative;Quelle palpebre sono socchiuse;0;palpebra;socchiuso;;;;;;;;;;
Dataset_MetaBody;Nominal predicative;Quelle ciglia sono molto folte;0;ciglia;folto;;;;;;;;;;
Dataset_MetaBody;Nominal predicative;Quei piedi sono puzzolenti;0;piede;puzzolente;;;;;;;;;;
Dataset_MetaBody;Nominal predicative;Quella pancia è piatta;0;pancia;piatto;;;;;;;;;;
Dataset_MetaBody;Nominal predicative;Quella barba è proprio incolta;0;barba;incolto;;;;;;;;;;
Dataset_MetaBody;Nominal predicative;Quegli zigomi sono spigolosi;0;zigomo;spigoloso;;;;;;;;;;
Dataset_MetaBody;Nominal predicative;Quelle gambe sono slanciate;0;gamba;slanciato;;;;;;;;;;
Dataset_MetaBody;Nominal predicative;Quella caviglia è proprio gonfia;0;caviglia;gonfio;;;;;;;;;;
Dataset_MetaBody;Nominal predicative;Quel braccio è muscoloso;0;braccio;muscoloso;;;;;;;;;;
Dataset_MetaBody;Nominal predicative;Quei capelli sono ricci;0;capello;riccio;;;;;;;;;;
Dataset_MetaBody;Nominal predicative;Quella fronte è distesa;0;fronte;disteso;;;;;;;;;;
Dataset_MetaBody;Nominal predicative;Quegli addominali sono definiti;0;addominale;definito;;;;;;;;;;
Dataset_MetaBody;Nominal predicative;Quelle labbra sono carnose;0;labbro;carnoso;;;;;;;;;;
Dataset_MetaBody;Nominal predicative;Quei bicipiti sono allenati;0;bicipite;allenato;;;;;;;;;;
Dataset_MetaBody;Nominal predicative;Quelle unghie sono curate;0;unghia;curato;;;;;;;;;;
Dataset_MetaBody;Nominal predicative;Quelle dita sono affusolate;0;dito;affusolato;;;;;;;;;;
Dataset_MetaBody;Nominal predicative;Quei peli sono ispidi;0;pelo;ispido;;;;;;;;;;
Dataset_MetaBody;Nominal predicative;Quel brufolo è sanguinante;0;brufolo;sanguinante;;;;;;;;;;
Dataset_MetaBody;Nominal predicative;Quel neo è molto scuro;0;neo;scuro;;;;;;;;;;
Dataset_MetaBody;Nominal predicative;Quell'autostrada è trafficata;0;autostrada;trafficato;;;;;;;;;;
Dataset_MetaBody;Nominal predicative;Quella fabbrica è dismessa;0;fabbrica;dismesso;;;;;;;;;;
Dataset_MetaBody;Nominal predicative;Quella luna è calante;0;luna;calante;;;;;;;;;;
Dataset_MetaBody;Nominal predicative;Quella sigaretta è aromatica;0;sigaretta ;aromatico;;;;;;;;;;
Dataset_MetaBody;Nominal predicative;Quella stanza è luminosa;0;stanza;luminoso;;;;;;;;;;
Dataset_MetaBody;Nominal predicative;Quel computer è rumoroso;0;computer ;rumoroso;;;;;;;;;;
Dataset_MetaBody;Nominal predicative;Quel libro è illustrato;0;libro;illustrato;;;;;;;;;;
Dataset_MetaBody;Nominal predicative;Quell'automobile è usata;0;automobile;usato;;;;;;;;;;
Dataset_MetaBody;Nominal predicative;Quel cavo è annodato;0;cavo;annodato;;;;;;;;;;
Dataset_MetaBody;Nominal predicative;Quel cappello è logoro;0;cappello;logoro;;;;;;;;;;
Dataset_MetaBody;Nominal predicative;Quella grondaia è metallica;0;grondaia;metallico;;;;;;;;;;
Dataset_MetaBody;Nominal predicative;Quella casa è molto spaziosa;0;casa;spazioso;;;;;;;;;;
Dataset_MetaBody;Nominal predicative;Quell'ospedale è rinomato;0;ospedale;rinomato;;;;;;;;;;
Dataset_MetaBody;Nominal predicative;Quel diario è intimo;0;diario;intimo;;;;;;;;;;
Dataset_MetaBody;Nominal predicative;Quell'aiuola è proprio secca;0;aiuola;secco;;;;;;;;;;
Dataset_MetaBody;Nominal predicative;Quel sonaglio è molto grazioso;0;sonaglio;grazioso;;;;;;;;;;
Dataset_MetaBody;Nominal predicative;Quella nuvola è iridata;0;nuvola;iridato;;;;;;;;;;
Dataset_MetaBody;Nominal predicative;Quella firma è illeggibile;0;firma;illeggibile;;;;;;;;;;
Dataset_MetaBody;Nominal predicative;Quegli abiti sono invernali;0;abito;invernale;;;;;;;;;;
Dataset_MetaBody;Nominal predicative;Quel mare è molto calmo;0;mare;calmo;;;;;;;;;;
Dataset_MetaBody;Nominal predicative;Quella piscina è riscaldata;0;piscina;riscaldato;;;;;;;;;;
Dataset_MetaBody;Nominal predicative;Quel pannolino è sporco;0;pannolino;sporco;;;;;;;;;;
Dataset_MetaBody;Nominal predicative;Quell'aspirapolvere è potente;0;aspirapolvere;potente;;;;;;;;;;
Dataset_MetaBody;Nominal predicative;Quel bar è molto affollato;0;bar ;affollato;;;;;;;;;;
Dataset_MetaEducation;Nominal predicative;Dopo una cena a base di aglio gli aliti sono fogne insopportabili.;1;alito;fogna;;;;;;;;;;
Dataset_MetaEducation;Nominal predicative;Nei processi importanti certi avvocati sono squali senza scrupoli.;1;avvocato;squalo;;;;;;;;;;
Dataset_MetaEducation;Nominal predicative;Secondo l'opinione del generale quegli eserciti sono dighe insormontabili.;1;esercito;diga;;;;;;;;;;
Dataset_MetaEducation;Nominal predicative;Quando il tempo stringe gli oratori sono treni ad altà velocità.;1;oratore;treno;;;;;;;;;;
Dataset_MetaEducation;Nominal predicative;Nell'arrampicata ad alta quota gli scalatori sono scoiattoli molto agili.;1;scalatore;scoiattolo;;;;;;;;;;
Dataset_MetaEducation;Nominal predicative;A volte nell'educazione degli adolescenti gli schiaffi sono medicine efficaci.;1;schiaffo ;medicina;;;;;;;;;;
Dataset_MetaEducation;Nominal predicative;Specialmente per le coste italiane gli uragani sono carrarmati devastanti.;1;uragano;carrarmato;;;;;;;;;;
Dataset_MetaEducation;Nominal predicative;Davanti ad una punizione certi bambini sono fontane inarrestabili.;1;bambino;fontana;;;;;;;;;;
Dataset_MetaEducation;Nominal predicative;Nel mondo della speculazione finanziaria i banchieri sono vampiri sempre assetati.;1;banchiere;vampiro;;;;;;;;;;
Dataset_MetaEducation;Nominal predicative;Nell'utilizzo di rasoi taglienti i barbieri sono chirurghi altamente specializzati.;1;barbiere;chirurgo;;;;;;;;;;
Dataset_MetaEducation;Nominal predicative;Negli ambienti di lavoro spesso i colleghi sono zecche fastidiose.;1;collega;zecca;;;;;;;;;;
Dataset_MetaEducation;Nominal predicative;All'occhio di un investigatore alle prime armi certi delitti sono rebus insolubili.;1;delitto;rebus;;;;;;;;;;
Dataset_MetaEducation;Nominal predicative;Alle finali olimpioniche di atletica i ginnasti sono grilli agilissimi.;1;ginnasta;grillo;;;;;;;;;;
Dataset_MetaEducation;Nominal predicative;In certi sport americani i giocatori sono elefanti dalla mole imponente.;1;giocatore;elefante;;;;;;;;;;
Dataset_MetaEducation;Nominal predicative;Durante gli scandali nazionali i giornalisti sono avvoltoi senza morale.;1;giornalista;avvoltoio;;;;;;;;;;
Dataset_MetaEducation;Nominal predicative;Nella formazione culturale di ogni persona certi libri sono bussole di grande utilità.;1;libro;bussola;;;;;;;;;;
Dataset_MetaEducation;Nominal predicative;Nell'educazione dei giovani certi maestri sono lanterne che illuminano la via.;1;maestro;lanterna;;;;;;;;;;
Dataset_MetaEducation;Nominal predicative;Nelle campagne elettorali certi politici sono calamite per i voti.;1;politico;calamita;;;;;;;;;;
Dataset_MetaEducation;Nominal predicative;Nei condomini del centro i portinai sono archivi pronti a spettegolare.;1;portinaio;archivio;;;;;;;;;;
Dataset_MetaEducation;Nominal predicative;Specialmente per le materie umanistiche certi professori sono enciclopedie zeppe di conoscenze.;1;professore;enciclopedia;;;;;;;;;;
Dataset_MetaEducation;Nominal predicative;Nel combattimento corpo a corpo certi soldati sono leoni senza paura.;1;soldato;leone;;;;;;;;;;
Dataset_MetaEducation;Nominal predicative;Secondo la giornalista di moda quelle acconciature sono cespugli incolti.;1;acconciatura;cespuglio;;;;;;;;;;
Dataset_MetaEducation;Nominal predicative;Durante la gara di formula uno le automobili sono frecce velocissime.;1;automobile;freccia;;;;;;;;;;
Dataset_MetaEducation;Nominal predicative;Alla prima dello spettacolo le ballerine sono farfalle molto aggraziate.;1;ballerina;farfalla;;;;;;;;;;
Dataset_MetaEducation;Nominal predicative;Per le ricerche di letteratura certe biblioteche sono miniere ricche di informazioni.;1;biblioteca;miniera;;;;;;;;;;
Dataset_MetaEducation;Nominal predicative;Per i faccendieri del tribunale le borse sono macigni traboccanti di documenti.;1;borsa;macigno;;;;;;;;;;
Dataset_MetaEducation;Nominal predicative;Per gli adolescenti amanti del rock certe canzoni sono droghe ipnotiche.;1;canzone;droga;;;;;;;;;;
Dataset_MetaEducation;Nominal predicative;Per i bambini maltrattati le carezze sono balsami che curano il trauma.;1;detergente;balsamo;;;;;;;;;;
Dataset_MetaEducation;Nominal predicative;Nell'ora del rientro dal lavoro le città sono giungle caotiche.;1;città;giungla;;;;;;;;;;
Dataset_MetaEducation;Nominal predicative;Nelle poesie dei poeti romantici le fanciulle sono rose delicate.;1;fanciulla;rosa;;;;;;;;;;
Dataset_MetaEducation;Nominal predicative;Quando si suda per la tensione le giacche sono forni di calore.;1;giacca;forno;;;;;;;;;;
Dataset_MetaEducation;Nominal predicative;Nei bambini appena nati le guance sono pesche liscissime.;1;guancia;pesca;;;;;;;;;;
Dataset_MetaEducation;Nominal predicative;Alle sfilate di alta moda le indossatrici sono bambole di incantevole bellezza.;1;indossatrice;bambola;;;;;;;;;;
Dataset_MetaEducation;Nominal predicative;Con certi insegnanti dell'università le lezioni in classe sono sonniferi potentissimi.;1;lezione;sonnifero;;;;;;;;;;
Dataset_MetaEducation;Nominal predicative;Specialmente nei paesi del terzo mondo certe malattie sono cecchini senza pietà.;1;malattia;cecchino;;;;;;;;;;
Dataset_MetaEducation;Nominal predicative;Per i distubi del sonno certe melodie sono camomille rilassanti.;1;melodia;camomilla;;;;;;;;;;
Dataset_MetaEducation;Nominal predicative;Nelle situazioni di crisi economica certe notizie sono terremoti destabilizzanti.;1;notizia;terremoto;;;;;;;;;;
Dataset_MetaEducation;Nominal predicative;Le tasche delle giacche dei nonni sono banche zeppe di monete.;1;tasca;banca;;;;;;;;;;
Dataset_MetaEducation;Nominal predicative;Ai matrimoni tradizionali le torte sono montagne di panna e praline.;1;torta;montagna;;;;;;;;;;
Dataset_MetaEducation;Nominal predicative;Specialmente nel genere femminile certe voci sono trombe squillanti e fastidiose.;1;voce;tromba;;;;;;;;;;
Dataset_MetaEducation;Nominal predicative;Dopo un anno di duro lavoro i viaggi sono terapie di sicura efficacia.;1;viaggio;terapia;;;;;;;;;;
Dataset_MetaEducation;Nominal predicative;Dopo un grave lutto certi ricordi sono spine dolorose.;1;ricordo;spina;;;;;;;;;;
Dataset_MetaEducation;Nominal predicative;Soprattutto nelle culture tradizionali i matrimoni sono querce dalle radici solide.;1;matrimonio;quercia;;;;;;;;;;
Dataset_MetaEducation;Nominal predicative;Per molti anziani i figli sono stampelle che sostengono nella vecchiaia.;1;figlio;stampella;;;;;;;;;;
Dataset_MetaEducation;Nominal predicative;Dopo un temporale le nuvole sono perle di infiniti riflessi.;1;nuvola;perla;;;;;;;;;;
Dataset_MetaEducation;Nominal predicative;Nelle scelte di vita i dubbi sono ombre che offuscano la via.;1;dubbio;ombra;;;;;;;;;;
Dataset_MetaEducation;Nominal predicative;Nei momenti di sconforto i sogni sono ali per viaggiare lontano.;1;sogno;ala;;;;;;;;;;
Dataset_MetaEducation;Nominal predicative;Negli indecisi le opinioni sono pendoli che vanno di qua e di là.;1;opinione;pendolo;;;;;;;;;;
Dataset_MetaEducation;Nominal predicative;Quando si toccano argomenti delicati le parole sono pietre che pesano sull'animo.;1;parola;pietra;;;;;;;;;;
Dataset_MetaEducation;Nominal predicative;Nelle persone creative le menti sono vulcani di idee e progetti.;1;mente ;vulcano;;;;;;;;;;
Dataset_MetaEducation;Nominal predicative;Al giorno d'oggi i passatempi sono oasi dal lavoro e dalla frenesia del quotidiano.;1;passatempo;oasi;;;;;;;;;;
Dataset_MetaEducation;Nominal predicative;Specialmente nella adolescenza le passioni sono venti passeggeri e instabili.;1;passione;vento;;;;;;;;;;
Dataset_MetaEducation;Nominal predicative;In un percorso di miglioramento spirituale le virtù sono muscoli da potenziare.;1;virtù;muscolo;;;;;;;;;;
Dataset_MetaEducation;Nominal predicative;Anche dopo molti anni i rimproveri dei genitori sono tatuaggi nella memoria.;1;rimprovero;tatuaggio;;;;;;;;;;
Dataset_MetaEducation;Nominal predicative;Per gli animi sensibili le poesie sono sorrisi per il cuore.;1;poesia;sorriso;;;;;;;;;;
Dataset_MetaEducation;Nominal predicative;I malati di artrosi dicono che le fitte sono coltelli nella carne.;1;fitta;coltello;;;;;;;;;;
Dataset_MetaEducation;Nominal predicative;Specialmente in filosofia certe teorie sono palazzi dalle fragili fondamenta.;1;teoria;palazzo;;;;;;;;;;
Dataset_MetaEducation;Nominal predicative;Specialmente in America certe università sono portaerei che trasportano talenti.;1;università;portaerei;;;;;;;;;;
Dataset_MetaEducation;Nominal predicative;Tutti sanno che le amicizie sono alberi che crescono con il tempo.;1;amicizia;albero;;;;;;;;;;
Dataset_MetaEducation;Nominal predicative;Se non curati con farmaci specifici certi malditesta sono trapani continui.;1;malditesta;trapano;;;;;;;;;;
Dataset_MetaEducation;Nominal predicative;Nei paesi in via di sviluppo le economie sono bombe ad orologeria.;1;economia;bomba ad orologeria;;;;;;;;;;
Dataset_MetaEducation;Nominal predicative;Nella memoria dei popoli le stragi sono cicatrici indelebili.;1;strage;cicatrice;;;;;;;;;;
Dataset_MetaEducation;Nominal predicative;In certi momenti gli occhi sono oceani di profondità infinita.;1;occhio;oceano;;;;;;;;;;
Dataset_MetaEducation;Nominal predicative;Se negative certe amicizie sono virus che infettano il carattere dei giovani.;1;amicizia;virus;;;;;;;;;;
Dataset_MetaEducation;Nominal predicative;Nelle patologie psichiatriche le ossessioni sono gabbie che imprigionano.;1;ossessione;gabbia;;;;;;;;;;
Dataset_MetaEducation;Nominal predicative;Per alcune persone certi profumi sono chiavi per la porta della memoria.;1;profumo;chiave;;;;;;;;;;
Dataset_MetaEducation;Nominal predicative;Spesso nella vita le delusioni sono zavorre molto pesanti.;1;delusione;zavorra;;;;;;;;;;
Dataset_MetaEducation;Nominal predicative;Nel mondo dello spettacolo certe conoscenze sono ascensori per il successo.;1;conoscenza;ascensore;;;;;;;;;;
Dataset_MetaEducation;Nominal predicative;Per i soggetti depressi le crisi sono tunnel senza fine.;1;crisi;tunnel;;;;;;;;;;
Dataset_MetaEducation;Nominal predicative;Nella vita le paure sono nodi che impediscono di andare avanti.;1;paura;nodo;;;;;;;;;;
Dataset_MetaEducation;Nominal predicative;Nei momenti difficili le speranze sono stelle che illuminano l'anima.;1;speranza;stella;;;;;;;;;;
Dataset_MetaEducation;Nominal predicative;Nelle società multietniche le lingue sono ponti tra le persone.;1;lingua;ponte;;;;;;;;;;
Dataset_MetaEducation;Nominal predicative;Nel caso di alcuni autori certi romanzi sono mappe che aiutano ad orientarsi nella vita.;1;romanzo;mappa;;;;;;;;;;
Dataset_MetaEducation;Nominal predicative;Specialmente nelle relazioni sentimentali i torti sono crepe nell'anima.;1;torto;crepa;;;;;;;;;;
Dataset_MetaEducation;Nominal predicative;Nel corso della vita le emozioni sono fulmini che sconvolgono la routine.;1;emozione;fulmine;;;;;;;;;;
Dataset_MetaEducation;Nominal predicative;Quando c'è diffidenza i segreti sono muri tra le persone.;1;segreto;muro;;;;;;;;;;
Dataset_MetaEducation;Nominal predicative;In politica e nel commercio certi discorsi sono fiumi che travolgono.;1;discorso;fiume;;;;;;;;;;
Dataset_MetaEducation;Nominal predicative;Nella società umana i rapporti sono corde che ci legano agli altri.;1;rapporto;corda;;;;;;;;;;
Dataset_MetaEducation;Nominal predicative;Senza il perdono i rancori sono tarli che divorano l'anima.;1;rancore;tarlo;;;;;;;;;;
Dataset_MetaEducation;Nominal predicative;Negli animi fragili le tentazioni sono reti molto pericolose.;1;tentazione;rete;;;;;;;;;;
Dataset_MetaEducation;Nominal predicative;Illustrando la mappa l'architetto segnala che gli scarichi sono fogne per i rifiuti tossici.;0;scarico;fogna;;;;;;;;;;
Dataset_MetaEducation;Nominal predicative;Durante la visita la guida spiega che i pesci nell'acquario sono squali ferocissimi.;0;pesce;squalo;;;;;;;;;;
Dataset_MetaEducation;Nominal predicative;Gli ingegneri informano che le costruzioni pianificate sono dighe anti alluvioni.;0;costruzione;diga;;;;;;;;;;
Dataset_MetaEducation;Nominal predicative;I convogli presenti nel vecchio deposito sono treni in uso cento anni fa.;0;convoglio;treno;;;;;;;;;;
Dataset_MetaEducation;Nominal predicative;Il documentario spiega che i roditori della montagna sono scoiattoli dalla lunga coda.;0;roditore;scoiattolo;;;;;;;;;;
Dataset_MetaEducation;Nominal predicative;Nella cura delle emicranie le sostanze in fase di sperimentazione sono medicine potentissime.;0;sostanza;medicina;;;;;;;;;;
Dataset_MetaEducation;Nominal predicative;Alla parata militare i blindati più impressionanti sono carrarmati usati in guerra.;0;blindato;carrarmato;;;;;;;;;;
Dataset_MetaEducation;Nominal predicative;All'inaugurazione del giardino viene spiegato che i nuovi impianti sono fontane notturne.;0;impianto;fontana;;;;;;;;;;
Dataset_MetaEducation;Nominal predicative;A carnevale i mostri più diffusi sono vampiri dai denti affilati.;0;mostro;vampiro;;;;;;;;;;
Dataset_MetaEducation;Nominal predicative;I dirigenti sanitari spiegano che quei medici sono chirurghi afferenti all'ospedale.;0;medico;chirurgo;;;;;;;;;;
Dataset_MetaEducation;Nominal predicative;I parassiti che infestano le piante d'appartamento sono zecche o pidocchi.;0;parassita;zecca;;;;;;;;;;
Dataset_MetaEducation;Nominal predicative;Nei quiz gli indovinelli misteriosi sono rebus molto difficili.;0;indovinello;rebus;;;;;;;;;;
Dataset_MetaEducation;Nominal predicative;I genitori spiegano al bambino che gli insetti del fiume sono grilli agilissimi.;0;insetto;grillo;;;;;;;;;;
Dataset_MetaEducation;Nominal predicative;Negli zoo asiatici i mammiferi in gabbia sono elefanti provenienti dall'India.;0;mammifero;elefante;;;;;;;;;;
Dataset_MetaEducation;Nominal predicative;I predatori che compaiono nei libri di scienze sono avvoltoi della savana.;0;predatore;avvoltoio;;;;;;;;;;
Dataset_MetaEducation;Nominal predicative;Nel kit per il campeggio i dispositivi più costosi sono bussole ad alta precisione.;0;dispositivo;bussola;;;;;;;;;;
Dataset_MetaEducation;Nominal predicative;Nei velieri vichinghi le lampade più antiche sono lanterne a olio.;0;lampada;lanterna;;;;;;;;;;
Dataset_MetaEducation;Nominal predicative;Gli oggetti usati per abbellire il frigorifero sono calamite con decori artigianali.;0;oggetto;calamita;;;;;;;;;;
Dataset_MetaEducation;Nominal predicative;Gli schedari presenti negli uffici comunali sono archivi pubblici e consultabili da tutti.;0;schedario;archivio;;;;;;;;;;
Dataset_MetaEducation;Nominal predicative;Nella biblioteca i volumi più antichi sono enciclopedie di inizio novecento.;0;volume;enciclopedia;;;;;;;;;;
Dataset_MetaEducation;Nominal predicative;Nelle zone equatoriali i felini a rischio di estinzione sono leoni e ghepardi selvatici.;0;felino;leone;;;;;;;;;;
Dataset_MetaEducation;Nominal predicative;Al castello abbandonato le siepi di recinzione sono cespugli incolti.;0;siepe;cespuglio;;;;;;;;;;
Dataset_MetaEducation;Nominal predicative;Per gli indiani d'america le armi più efficaci erano frecce dalla punta affilata.;0;arma;freccia;;;;;;;;;;
Dataset_MetaEducation;Nominal predicative;Nei disegni dei bambini gli animali più colorati sono farfalle multicolore.;0;animale;farfalla;;;;;;;;;;
Dataset_MetaEducation;Nominal predicative;Nel territorio di montagna le cave abbandonate sono miniere di ferro e magnesio.;0;cava;miniera;;;;;;;;;;
Dataset_MetaEducation;Nominal predicative;Le pietre da lavorare sono macigni che ricoprivano il lato della montagna.;0;pietra;macigno;;;;;;;;;;
Dataset_MetaEducation;Nominal predicative;La polizia spiega che le pasticche colorate sono droghe molto pesanti.;0;pasticca;droga;;;;;;;;;;
Dataset_MetaEducation;Nominal predicative;Nella cura dei capelli i detergenti più nuovi sono balsami che non danneggiano il fusto.;0;detergente;balsamo;;;;;;;;;;
Dataset_MetaEducation;Nominal predicative;Le foreste dell'America centrale sono giungle selvagge.;0;foresta;giungla;;;;;;;;;;
Dataset_MetaEducation;Nominal predicative;Nei giardini a primavera i fiori più profumati sono rose e gelsomini.;0;fiore;rosa;;;;;;;;;;
Dataset_MetaEducation;Nominal predicative;Nelle cucine americane gli elettrodomestici più richiesti sono forni a micronde.;0;elettrodomestico;forno;;;;;;;;;;
Dataset_MetaEducation;Nominal predicative;Ai mercati generali i frutti profumati sono pesche e albicocche di stagione.;0;frutto;pesca;;;;;;;;;;
Dataset_MetaEducation;Nominal predicative;Tra i regali di Natale i pupazzi più richiesti sono bambole parlanti.;0;pupazzo;bambola;;;;;;;;;;
Dataset_MetaEducation;Nominal predicative;Il farmacista spiega che le pillole prescritte sono sonniferi integrati con antidolorifici.;0;pillola;sonnifero;;;;;;;;;;
Dataset_MetaEducation;Nominal predicative;Durante la guerra i militari mandati in avanscoperta erano cecchini di grande precisione.;0;militare;cecchino;;;;;;;;;;
Dataset_MetaEducation;Nominal predicative;Nella bottega dell'erborista le bevande più richieste sono camomille rilassanti.;0;bevanda;camomilla;;;;;;;;;;
Dataset_MetaEducation;Nominal predicative;L'ente nazionale ha informato che le scosse registrate sono terremoti lievissimi.;0;scossa;terremoto;;;;;;;;;;
Dataset_MetaEducation;Nominal predicative;Nell'elenco delle società quotate gli istituti ai vertici sono banche con capitali stranieri.;0;istituto;banca;;;;;;;;;;
Dataset_MetaEducation;Nominal predicative;Nelle cartine geografiche rilievi indicati con colori scuri sono montagne di altezza superiore a 2000 metri.;0;rilievo;montagna;;;;;;;;;;
Dataset_MetaEducation;Nominal predicative;Nella nuova orchestra gli strumenti più bizzarri sono trombe bitonali dal suono molto acuto.;0;strumento;tromba;;;;;;;;;;
Dataset_MetaEducation;Nominal predicative;Nei centri termali i trattamenti a base di fanghi sono terapie molto efficaci.;0;trattamento;terapia;;;;;;;;;;
Dataset_MetaEducation;Nominal predicative;Nelle piante carnivore le punte delle foglie sono spine acuminate e taglienti.;0;punta;spina;;;;;;;;;;
Dataset_MetaEducation;Nominal predicative;Gli alberi più antichi del parco sono querce millenarie.;0;albero;quercia;;;;;;;;;;
Dataset_MetaEducation;Nominal predicative;Quelle assi in legno sono stampelle rudimentali piuttosto scomode.;0;asse;stampella;;;;;;;;;;
Dataset_MetaEducation;Nominal predicative;Le gemme delle collane reali sono perle provenienti dalle Indie.;0;gemma;perla;;;;;;;;;;
Dataset_MetaEducation;Nominal predicative;Le forme sulle pareti delle grotte sono ombre generate dagli scogli al tramonto.;0;forma;ombra;;;;;;;;;;
Dataset_MetaEducation;Nominal predicative;Negli uccelli primitivi le cartilagini esterne erano ali finalizzate al trasporto.;0;cartilagine;ala;;;;;;;;;;
Dataset_MetaEducation;Nominal predicative;Tra i pezzi di artigianato in legno gli orologi sono pendoli a ricarica manuale.;0;orologio;pendolo;;;;;;;;;;
Dataset_MetaEducation;Nominal predicative;I detriti lasciati dal fiume sono pietre e ghiaia di piccole dimensioni.;0;detrito;pietra;;;;;;;;;;
Dataset_MetaEducation;Nominal predicative;Negli atolli tropicali i crateri maggiori sono vulcani ancora attivi.;0;cratere;vulcano;;;;;;;;;;
Dataset_MetaEducation;Nominal predicative;Durante il safari la guida spiega che le radure in lontananza sono oasi per i nomadi.;0;radura;oasi;;;;;;;;;;
Dataset_MetaEducation;Nominal predicative;Le brezze che increspano il mare sono venti provenienti da oriente.;0;brezza;vento;;;;;;;;;;
Dataset_MetaEducation;Nominal predicative;Nel corpo umano le fibre più lunghe sono muscoli striati.;0;fibra;muscolo;;;;;;;;;;
Dataset_MetaEducation;Nominal predicative;Nelle culture aborigene i segni sulla pelle sono tatuaggi di iniziazione.;0;segno;tatuaggio;;;;;;;;;;
Dataset_MetaEducation;Nominal predicative;Le espressioni più belle sono sorrisi e sguardi sinceri.;0;espressione;sorriso;;;;;;;;;;
Dataset_MetaEducation;Nominal predicative;Gli arnesi con manico in legno sono coltelli per conciatori.;0;arnese;coltello;;;;;;;;;;
Dataset_MetaEducation;Nominal predicative;Nei cantieri di periferia le nuove costruzioni sono palazzi popolari.;0;costruzione;palazzo;;;;;;;;;;
Dataset_MetaEducation;Nominal predicative;Dicono che le imbarcazioni avvistate al largo sono portaerei americane.;0;imbarcazione;portaerei;;;;;;;;;;
Dataset_MetaEducation;Nominal predicative;I semi piantati nel giardino sono alberi da frutto e arbusti vari.;0;seme;albero;;;;;;;;;;
Dataset_MetaEducation;Nominal predicative;Quegli attrezzi in disuso sono trapani che funzionano a batteria.;0;attrezzo;trapano;;;;;;;;;;
Dataset_MetaEducation;Nominal predicative;Nell'attentato alla metropolitana gli esplosivi erano bombe ad orologeria.;0;attentato;bomba ad orologeria;;;;;;;;;;
Dataset_MetaEducation;Nominal predicative;I segni coperti dal trucco sono cicatrici dovute alle operazioni.;0;segno;cicatrice;;;;;;;;;;
Dataset_MetaEducation;Nominal predicative;In geologia le croste più profonde sono oceani di pietre laviche.;0;crosta;oceano;;;;;;;;;;
Dataset_MetaEducation;Nominal predicative;I parassiti delle piante da frutto sono virus molto pericolosi per tutte le coltivazioni.;0;parassita;virus;;;;;;;;;;
Dataset_MetaEducation;Nominal predicative;I contenitori per rettili sono gabbie metalliche molto resistenti.;0;contenitore;gabbia;;;;;;;;;;
Dataset_MetaEducation;Nominal predicative;Nella vecchia ferramenta gli arnesi nascosti sono chiavi da scasso.;0;arnese;chiave;;;;;;;;;;
Dataset_MetaEducation;Nominal predicative;Nelle barche tradizionali i sacchi di sabbia sono zavorre per l'ancoraggio.;0;sacco;zavorra;;;;;;;;;;
Dataset_MetaEducation;Nominal predicative;Il capocantiere spiega che i montacarichi sono ascensori per i piani alti.;0;montacarico;ascensore;;;;;;;;;;
Dataset_MetaEducation;Nominal predicative;Le voragini nella montagna sono tunnel scavati dai soldati della Grande Guerra.;0;voragine;tunnel;;;;;;;;;;
Dataset_MetaEducation;Nominal predicative;Nelle barche certi lacci sono nodi per bloccare le vele.;0;laccio;nodo;;;;;;;;;;
Dataset_MetaEducation;Nominal predicative;Quelle luci nel cielo notturno sono stelle di galassie lontane.;0;luce;stella;;;;;;;;;;
Dataset_MetaEducation;Nominal predicative;Le costruzioni in mattoni sono ponti di collegamento tra le sponde.;0;costruzione;ponte;;;;;;;;;;
Dataset_MetaEducation;Nominal predicative;Nel museo i documenti più preziosi sono mappe in pergamena.;0;documento;mappa;;;;;;;;;;
Dataset_MetaEducation;Nominal predicative;Quei segni sul muro sono crepe formatesi alcuni anni fa.;0;segno;crepa;;;;;;;;;;
Dataset_MetaEducation;Nominal predicative;Quei bagliori in lontananza sono fulmini che preannunciano tuoni e tempesta.;0;bagliore;fulmine;;;;;;;;;;
Dataset_MetaEducation;Nominal predicative;Negli alberghi di bassa categoria i divisori tra camere sono muri in calcestruzzo.;0;divisorio;muro;;;;;;;;;;
Dataset_MetaEducation;Nominal predicative;In America del Sud molti canali sono fiumi navigabili.;0;canale;fiume;;;;;;;;;;
Dataset_MetaEducation;Nominal predicative;In magazzino le trecce in canapa sono corde che servono per legare i sacchi.;0;treccia;corda;;;;;;;;;;
Dataset_MetaEducation;Nominal predicative;Quegli insetti nell'angolo del muro sono tarli che aggrediscono legno.;0;insetto;tarlo;;;;;;;;;;
Dataset_MetaEducation;Nominal predicative;Quei fili sottili sono reti per catturare pesci piccoli.;0;filo;rete;;;;;;;;;;
Dataset_MetaImagery;Nominal predicative;Certi avvocati sono squali;1;avvocato;squalo;;;;;;;;;;
Dataset_MetaImagery;Nominal predicative;Quegli scalatori sono scoiattoli;1;scalatore;scoiattolo;;;;;;;;;;
Dataset_MetaImagery;Nominal predicative;Alcuni bambini sono fontane;1;bambino;fontana;;;;;;;;;;
Dataset_MetaImagery;Nominal predicative;Certi banchieri sono vampiri;1;banchiere;vampiro;;;;;;;;;;
Dataset_MetaImagery;Nominal predicative;Alcuni colleghi sono zecche;1;collega;zecca;;;;;;;;;;
Dataset_MetaImagery;Nominal predicative;Certi giornalisti sono avvoltoi;1;giornalista;avvoltoio;;;;;;;;;;
Dataset_MetaImagery;Nominal predicative;Alcuni professori sono enciclopedie;1;professore;enciclopedia;;;;;;;;;;
Dataset_MetaImagery;Nominal predicative;Quei poliziotti sono leoni;1;poliziotto;leone;;;;;;;;;;
Dataset_MetaImagery;Nominal predicative;Certe acconciature sono cespugli;1;acconciatura;cespuglio;;;;;;;;;;
Dataset_MetaImagery;Nominal predicative;Certe fanciulle sono rose;1;fanciulla;rosa;;;;;;;;;;
Dataset_MetaImagery;Nominal predicative;Certe indossatrici sono bambole;1;indossatrice;bambola;;;;;;;;;;
Dataset_MetaImagery;Nominal predicative;Certi bimbetti sono colla;1;bimbetto;colla;;;;;;;;;;
Dataset_MetaImagery;Nominal predicative;Alcuni venditori sono ortiche;1;venditore;ortica;;;;;;;;;;
Dataset_MetaImagery;Nominal predicative;Certi ladri sono gatti;1;ladro;gatto;;;;;;;;;;
Dataset_MetaImagery;Nominal predicative;Alcune suocere sono vipere;1;suocera;vipera;;;;;;;;;;
Dataset_MetaImagery;Nominal predicative;Alcuni atleti sono statue;1;atleta;statua;;;;;;;;;;
Dataset_MetaImagery;Nominal predicative;Certi ginnasti sono burattini;1;ginnasta;burattino;;;;;;;;;;
Dataset_MetaImagery;Nominal predicative;Quelle ballerine sono libellule;1;ballerina;libellula;;;;;;;;;;
Dataset_MetaImagery;Nominal predicative;Quelle bambine sono zuccherini;1;bambina;zuccherino;;;;;;;;;;
Dataset_MetaImagery;Nominal predicative;Quei chitarristi sono mitraglie;1;chitarrista;mitraglia;;;;;;;;;;
Dataset_MetaImagery;Nominal predicative;Certi impiegati sono zerbini;1;impiegato;zerbino;;;;;;;;;;
Dataset_MetaImagery;Nominal predicative;Alcuni neonati sono batuffoli;1;neonato;batuffolo;;;;;;;;;;
Dataset_MetaImagery;Nominal predicative;Alcuni cantanti sono usignoli;1;cantante;usignolo;;;;;;;;;;
Dataset_MetaImagery;Nominal predicative;Certi pesisti sono ippopotami;1;pesista;ippopotamo;;;;;;;;;;
Dataset_MetaImagery;Nominal predicative;Quei cuochi sono mongolfiere;1;cuoco;mongolfiera;;;;;;;;;;
Dataset_MetaImagery;Nominal predicative;Alcuni politici sono pavoni;1;politico;pavone;;;;;;;;;;
Dataset_MetaImagery;Nominal predicative;Quei degenti sono mummie;1;degente;mummia;;;;;;;;;;
Dataset_MetaImagery;Nominal predicative;Certi insegnanti sono ghiaccioli;1;insegnante;ghiacciolo;;;;;;;;;;
Dataset_MetaImagery;Nominal predicative;Certi fruttivendoli sono megafoni;1;fruttivendolo;megafono;;;;;;;;;;
Dataset_MetaImagery;Nominal predicative;Alcuni amici sono ancore;1;amico;ancora;;;;;;;;;;
Dataset_MetaImagery;Nominal predicative;Certi burocrati sono fossili;1;burocrate;fossile;;;;;;;;;;
Dataset_MetaImagery;Nominal predicative;Alcuni anziani sono lumache;1;anziano;lumaca;;;;;;;;;;
Dataset_MetaImagery;Nominal predicative;Certi corridori sono lepri;1;corridore;lepre;;;;;;;;;;
Dataset_MetaImagery;Nominal predicative;Quegli scolari sono uragani;1;scolaro;uragano;;;;;;;;;;
Dataset_MetaImagery;Nominal predicative;Alcune segretarie sono agende;1;segretaria;agenda;;;;;;;;;;
Dataset_MetaImagery;Nominal predicative;Certi leader sono fari;1;leader;faro;;;;;;;;;;
Dataset_MetaImagery;Nominal predicative;Certi scienziati sono lampi;1;scienziato;lampo;;;;;;;;;;
Dataset_MetaImagery;Nominal predicative;Quegli eremiti sono lupi;1;eremita;lupo;;;;;;;;;;
Dataset_MetaImagery;Nominal predicative;Quelle spose sono nuvole;1;sposa;nuvola;;;;;;;;;;
Dataset_MetaImagery;Nominal predicative;Certi nasi sono uncini;1;naso;uncino;;;;;;;;;;
Dataset_MetaImagery;Nominal predicative;Quelle labbra sono canotti;1;labbro;canotto;;;;;;;;;;
Dataset_MetaImagery;Nominal predicative;Certi bicipiti sono sassi;1;bicipite;sasso;;;;;;;;;;
Dataset_MetaImagery;Nominal predicative;Certi avvocati sono aggressivi;0;avvocato;aggressivo;;;;;;;;;;
Dataset_MetaImagery;Nominal predicative;Quegli scalatori sono agili;0;scalatore;agile;;;;;;;;;;
Dataset_MetaImagery;Nominal predicative;Alcuni bambini sono piagnucolosi;0;bambino;piagnucoloso;;;;;;;;;;
Dataset_MetaImagery;Nominal predicative;Certi banchieri sono avidi;0;banchiere;personaggio;;;;;;;;;;
Dataset_MetaImagery;Nominal predicative;Alcuni colleghi sono fastidiosi;0;collega;fastidioso;;;;;;;;;;
Dataset_MetaImagery;Nominal predicative;Certi giornalisti sono invadenti;0;giornalista;invadente;;;;;;;;;;
Dataset_MetaImagery;Nominal predicative;Alcuni professori sono acculturati;0;professore;acculturato;;;;;;;;;;
Dataset_MetaImagery;Nominal predicative;Quei poliziotti sono coraggiosi;0;poliziotto;coraggioso;;;;;;;;;;
Dataset_MetaImagery;Nominal predicative;Certe acconciature sono spettinate;0;acconciatura;spettinato;;;;;;;;;;
Dataset_MetaImagery;Nominal predicative;Certe fanciulle sono graziose;0;fanciulla;graziosa;;;;;;;;;;
Dataset_MetaImagery;Nominal predicative;Certe indossatrici sono belle;0;indossatrice;bella;;;;;;;;;;
Dataset_MetaImagery;Nominal predicative;Certi bimbetti sono appiccicosi;0;bimbetto;appiccicoso;;;;;;;;;;
Dataset_MetaImagery;Nominal predicative;Alcuni venditori sono assillanti;0;venditore;assillante;;;;;;;;;;
Dataset_MetaImagery;Nominal predicative;Certi ladri sono furtivi;0;ladro;furtivo;;;;;;;;;;
Dataset_MetaImagery;Nominal predicative;Alcune suocere sono arcigne;0;suocera;arcigna;;;;;;;;;;
Dataset_MetaImagery;Nominal predicative;Alcuni atleti sono muscolosi;0;atleta;muscoloso;;;;;;;;;;
Dataset_MetaImagery;Nominal predicative;Certi ginnasti sono snodati;0;ginnasta;snodato;;;;;;;;;;
Dataset_MetaImagery;Nominal predicative;Quelle ballerine sono aggraziate;0;ballerina;aggraziata;;;;;;;;;;
Dataset_MetaImagery;Nominal predicative;Quelle bambine sono adorabili;0;bambina;adorabile;;;;;;;;;;
Dataset_MetaImagery;Nominal predicative;Quei chitarristi sono scalmanati;0;chitarrista;scalmanato;;;;;;;;;;
Dataset_MetaImagery;Nominal predicative;Certi impiegati sono succubi;0;impiegato;succube;;;;;;;;;;
Dataset_MetaImagery;Nominal predicative;Alcuni neonati sono paffuti;0;neonato;paffuto;;;;;;;;;;
Dataset_MetaImagery;Nominal predicative;Alcuni cantanti sono intonati;0;cantante;intonato;;;;;;;;;;
Dataset_MetaImagery;Nominal predicative;Certi pesisti sono corpulenti;0;pesista;corpulento;;;;;;;;;;
Dataset_MetaImagery;Nominal predicative;Quei cuochi sono panciuti;0;cuoco;panciuto;;;;;;;;;;
Dataset_MetaImagery;Nominal predicative;Alcuni politici sono vanitosi;0;politico;vanitoso;;;;;;;;;;
Dataset_MetaImagery;Nominal predicative;Quei degenti sono ingessati;0;degente;ingessato;;;;;;;;;;
Dataset_MetaImagery;Nominal predicative;Certi insegnanti sono severi;0;insegnante;severo;;;;;;;;;;
Dataset_MetaImagery;Nominal predicative;Certi fruttivendoli sono sguaiati;0;fruttivendolo;sguaiato;;;;;;;;;;
Dataset_MetaImagery;Nominal predicative;Alcuni amici sono supportivi;0;amico;supportivo;;;;;;;;;;
Dataset_MetaImagery;Nominal predicative;Certi burocrati sono intransigenti;0;burocrate;intransigente;;;;;;;;;;
Dataset_MetaImagery;Nominal predicative;Alcuni anziani sono lenti;0;anziano;lento;;;;;;;;;;
Dataset_MetaImagery;Nominal predicative;Certi corridori sono scattanti;0;corridore;scattante;;;;;;;;;;
Dataset_MetaImagery;Nominal predicative;Quegli scolari sono indisciplinati;0;scolaro;indisciplinato;;;;;;;;;;
Dataset_MetaImagery;Nominal predicative;Alcune segretarie sono organizzate;0;segretaria;organizzata ;;;;;;;;;;
Dataset_MetaImagery;Nominal predicative;Certi leader sono carismatici;0;leader;carismatico;;;;;;;;;;
Dataset_MetaImagery;Nominal predicative;Certi scienziati sono geniali;0;scienziato;geniale;;;;;;;;;;
Dataset_MetaImagery;Nominal predicative;Quegli eremiti sono burberi;0;eremita;burbero;;;;;;;;;;
Dataset_MetaImagery;Nominal predicative;Quelle spose sono vaporose;0;sposa;vaporosa;;;;;;;;;;
Dataset_MetaImagery;Nominal predicative;Certi nasi sono aquilini;0;naso;aquilino;;;;;;;;;;
Dataset_MetaImagery;Nominal predicative;Quelle labbra sono siliconate;0;labbro;siliconato;;;;;;;;;;
Dataset_MetaImagery;Nominal predicative;Certi bicipiti sono tonici;0;bicipite;tonico;;;;;;;;;;
Dataset_MetaLiterary;Genitive;brividi di delizia ;1;brividi;delizia;;;;;;;;;;
Dataset_MetaLiterary;Genitive;fervore di luce ;1;fervore;luce;;;;;;;;;;
Dataset_MetaLiterary;Genitive;fiamma di tentazione ;1;fiamma;tentazione;;;;;;;;;;
Dataset_MetaLiterary;Genitive;miraggio di felicità ;1;miraggio;felicità;;;;;;;;;;
Dataset_MetaLiterary;Genitive;vento di follia;1;vento;follia;;;;;;;;;;
Dataset_MetaLiterary;Genitive;ali di conchiglie;1;ali;conchiglie;;;;;;;;;;
Dataset_MetaLiterary;Genitive;capelli di fiamma;1;capelli;fiamma;;;;;;;;;;
Dataset_MetaLiterary;Genitive;corde di volontà ;1;corde;volontà;;;;;;;;;;
Dataset_MetaLiterary;Genitive;cornici di ghiaccio ;1;cornici;ghiaccio;;;;;;;;;;
Dataset_MetaLiterary;Genitive;costellazioni di occhi ;1;costellazioni;occhi;;;;;;;;;;
Dataset_MetaLiterary;Genitive;ebbrezza di luce;1;ebbrezza;luce;;;;;;;;;;
Dataset_MetaLiterary;Genitive;fame di spettri;1;fame;spettri;;;;;;;;;;
Dataset_MetaLiterary;Genitive;fibre di sogno;1;fibre;sogno;;;;;;;;;;
Dataset_MetaLiterary;Genitive;frantumi di visione ;1;frantumi;visione;;;;;;;;;;
Dataset_MetaLiterary;Genitive;giardino di cristallo;1;giardino;cristallo;;;;;;;;;;
Dataset_MetaLiterary;Genitive;gioia di tetti;1;gioia;tetti;;;;;;;;;;
Dataset_MetaLiterary;Genitive;grumo di pietà ;1;grumo;pietà;;;;;;;;;;
Dataset_MetaLiterary;Genitive;guance di pesca;1;guance;pesca;;;;;;;;;;
Dataset_MetaLiterary;Genitive;masso di dolore ;1;masso;dolore;;;;;;;;;;
Dataset_MetaLiterary;Genitive;nodo di tormento;1;nodo;tormento;;;;;;;;;;
Dataset_MetaLiterary;Genitive;occhi di genziana ;1;occhi;genziana;;;;;;;;;;
Dataset_MetaLiterary;Genitive;ritmo di disperazione;1;ritmo;disperazione;;;;;;;;;;
Dataset_MetaLiterary;Genitive;singhiozzo di felicità;1;singhiozzo;felicità;;;;;;;;;;
Dataset_MetaLiterary;Genitive;sogni di pietra ;1;sogni;pietra;;;;;;;;;;
Dataset_MetaLiterary;Genitive;vento di volontà;1;vento;volontà;;;;;;;;;;
Dataset_MetaLiterary;Genitive;firmamento di corolle;1;firmamento;corolle;;;;;;;;;;
Dataset_MetaLiterary;Genitive;vene di melodia;1;vene;melodia;;;;;;;;;;
Dataset_MetaLiterary;Genitive;eco di luce;1;eco;luce;;;;;;;;;;
Dataset_MetaLiterary;Genitive;frammento di natura;1;frammento;natura;;;;;;;;;;
Dataset_MetaLiterary;Genitive;recinto di dolore;1;recinto;dolore;;;;;;;;;;
Dataset_MetaLiterary;Genitive;nebbia di menzogne;1;nebbia;menzogne;;;;;;;;;;
Dataset_MetaLiterary;Genitive;cervello di ghiaccio;1;cervello;ghiaccio;;;;;;;;;;
Dataset_MetaLiterary;Genitive;padiglioni di fuoco ;1;padiglioni;fuoco;;;;;;;;;;
Dataset_MetaLiterary;Genitive;meteora di sangue ;1;meteora;sangue;;;;;;;;;;
Dataset_MetaLiterary;Genitive;profumo di gentilezza;1;profumo;gentilezza;;;;;;;;;;
Dataset_MetaLiterary;Genitive;sapore di comicità ;1;sapore;comicità;;;;;;;;;;
Dataset_MetaLiterary;Genitive;pioggia di rottami;1;pioggia;rottami;;;;;;;;;;
Dataset_MetaLiterary;Genitive;carnagione di latte;1;carnagione;latte;;;;;;;;;;
Dataset_MetaLiterary;Genitive;profumo di modestia;1;profumo;modestia;;;;;;;;;;
Dataset_MetaLiterary;Genitive;ombra di dolore;1;ombra;dolore;;;;;;;;;;
Dataset_MetaLiterary;Genitive;incendio di orgoglio;1;incendio;orgoglio;;;;;;;;;;
Dataset_MetaLiterary;Genitive;ombra di peccato;1;ombra;peccato;;;;;;;;;;
Dataset_MetaLiterary;Genitive;pioggia di ricchezze;1;pioggia;ricchezze;;;;;;;;;;
Dataset_MetaLiterary;Genitive;nebbia di noia;1;nebbia;noia;;;;;;;;;;
Dataset_MetaLiterary;Genitive;bufera di cannonate;1;bufera;cannonate;;;;;;;;;;
Dataset_MetaLiterary;Genitive;bufera di esplosioni;1;bufera;esplosioni;;;;;;;;;;
Dataset_MetaLiterary;Genitive;bufera di fuoco ;1;bufera;fuoco;;;;;;;;;;
Dataset_MetaLiterary;Genitive;bufera di piombo;1;bufera;piombo;;;;;;;;;;
Dataset_MetaLiterary;Genitive;nuvole di polvere ;1;nuvole;polvere;;;;;;;;;;
Dataset_MetaLiterary;Genitive;torrenti di melodia;1;torrenti;melodia;;;;;;;;;;
Dataset_MetaLiterary;Genitive;lampo di poesia;1;lampo;poesia;;;;;;;;;;
Dataset_MetaLiterary;Genitive;deserto di luce;1;deserto;luce;;;;;;;;;;
Dataset_MetaLiterary;Genitive;fiocco di nube;1;fiocco;nube;;;;;;;;;;
Dataset_MetaLiterary;Genitive;profumo di sentimento;1;profumo;sentimento;;;;;;;;;;
Dataset_MetaLiterary;Genitive;fiamma di carità ;1;fiamma;carità;;;;;;;;;;
Dataset_MetaLiterary;Genitive;pioggia di fiori ;1;pioggia;fiori;;;;;;;;;;
Dataset_MetaLiterary;Genitive;tempesta di dolore;1;tempesta;dolore;;;;;;;;;;
Dataset_MetaLiterary;Genitive;semi di re;1;semi;re;;;;;;;;;;
Dataset_MetaLiterary;Genitive;corona di ghiacciai;1;corona;ghiacciai;;;;;;;;;;
Dataset_MetaLiterary;Genitive;corona di fuoco ;1;corona;fuoco;;;;;;;;;;
Dataset_MetaLiterary;Genitive;inferno di fumo;1;inferno;fumo;;;;;;;;;;
Dataset_MetaLiterary;Genitive;mare di cristallo;1;mare;cristallo;;;;;;;;;;
Dataset_MetaLiterary;Genitive;nebbia di sdegni;1;nebbia;sdegni;;;;;;;;;;
Dataset_MetaLiterary;Genitive;cuore di ghiaccio;1;cuore;ghiaccio;;;;;;;;;;
Dataset_MetaLiterary;Genitive;lampo di sdegno;1;lampo;sdegno;;;;;;;;;;
Dataset_MetaLiterary;Genitive;pensieri di fumo;1;pensieri;fumo;;;;;;;;;;
Dataset_MetaLiterary;Genitive;cuore di sasso;1;cuore;sasso;;;;;;;;;;
Dataset_MetaLiterary;Genitive;manto di luce;1;manto;luce;;;;;;;;;;
Dataset_MetaLiterary;Genitive;fantasmi di dolore;1;fantasmi;dolore;;;;;;;;;;
Dataset_MetaLiterary;Genitive;impronte di dolore;1;impronte;dolore;;;;;;;;;;
Dataset_MetaLiterary;Genitive;pioggia di rubini;1;pioggia;rubini;;;;;;;;;;
Dataset_MetaLiterary;Genitive;sigillo di sangue ;1;sigillo;sangue;;;;;;;;;;
Dataset_MetaLiterary;Genitive;cielo di farina ;1;cielo;farina;;;;;;;;;;
Dataset_MetaLiterary;Genitive;nebbia di sogno;1;nebbia;sogno;;;;;;;;;;
Dataset_MetaLiterary;Genitive;petto di fuoco ;1;petto;fuoco;;;;;;;;;;
Dataset_MetaLiterary;Genitive;baci di fuoco;1;baci;fuoco;;;;;;;;;;
Dataset_MetaLiterary;Genitive;profumo di poesia;1;profumo;poesia;;;;;;;;;;
Dataset_MetaLiterary;Genitive;indigestione di gelosia ;1;indigestione;gelosia;;;;;;;;;;
Dataset_MetaLiterary;Genitive;ribellioni di orgoglio;1;ribellioni;orgoglio;;;;;;;;;;
Dataset_MetaLiterary;Genitive;fuoco di sincerità ;1;fuoco;sincerità;;;;;;;;;;
Dataset_MetaLiterary;Genitive;onda di angoscia ;1;onda;angoscia;;;;;;;;;;
Dataset_MetaLiterary;Genitive;bocche di fuoco ;1;bocche;fuoco;;;;;;;;;;
Dataset_MetaLiterary;Genitive;fiume di gloria;1;fiume;gloria;;;;;;;;;;
Dataset_MetaLiterary;Genitive;gomitolo di sangue;1;gomitolo;sangue;;;;;;;;;;
Dataset_MetaLiterary;Genitive;luce di gaudio;1;luce;gaudio;;;;;;;;;;
Dataset_MetaLiterary;Genitive;paradiso di fiori ;1;paradiso;fiori;;;;;;;;;;
Dataset_MetaLiterary;Genitive;palpebra di fuoco;1;palpebra;fuoco;;;;;;;;;;
Dataset_MetaLiterary;Genitive;vertigine di fiamma ;1;vertigine;fiamma;;;;;;;;;;
Dataset_MetaLiterary;Genitive;turbine di dolore;1;turbine;dolore;;;;;;;;;;
Dataset_MetaLiterary;Genitive;vento di lode;1;vento;lode;;;;;;;;;;
Dataset_MetaLiterary;Genitive;cuore di ferro;1;cuore;ferro;;;;;;;;;;
Dataset_MetaLiterary;Genitive;deserto di ghiaccio;1;deserto;ghiaccio;;;;;;;;;;
Dataset_MetaLiterary;Genitive;torrenti di vita;1;torrenti;vita;;;;;;;;;;
Dataset_MetaLiterary;Genitive;atmosfera di piombo;1;atmosfera;piombo;;;;;;;;;;
Dataset_MetaLiterary;Genitive;respiro di luce;1;respiro;luce;;;;;;;;;;
Dataset_MetaLiterary;Genitive;sospiro di natura;1;sospiro;natura;;;;;;;;;;
Dataset_MetaLiterary;Genitive;silenzio di ghiaccio;1;silenzio;ghiaccio;;;;;;;;;;
Dataset_MetaLiterary;Genitive;aghi di pioggia ;1;aghi;pioggia;;;;;;;;;;
Dataset_MetaLiterary;Genitive;tappeto di erbe ;1;tappeto;erbe;;;;;;;;;;
Dataset_MetaLiterary;Genitive;viso di porpora ;1;viso;porpora;;;;;;;;;;
Dataset_MetaLiterary;Genitive;nebbia di malinconia;1;nebbia;malinconia;;;;;;;;;;
Dataset_MetaLiterary;Genitive;grumo di nuvole ;1;grumo;nuvole;;;;;;;;;;
Dataset_MetaLiterary;Genitive;lettera di fuoco ;1;lettera;fuoco;;;;;;;;;;
Dataset_MetaLiterary;Genitive;mare di ricordi ;1;mare;ricordi;;;;;;;;;;
Dataset_MetaLiterary;Genitive;natura di fuoco;1;natura;fuoco;;;;;;;;;;
Dataset_MetaLiterary;Genitive;parole di fuoco ;1;parole;fuoco;;;;;;;;;;
Dataset_MetaLiterary;Genitive;vento di pazzia ;1;vento;pazzia;;;;;;;;;;
Dataset_MetaLiterary;Genitive;incendio di passione;1;incendio;passione;;;;;;;;;;
Dataset_MetaLiterary;Genitive;lampo di confidenza;1;lampo;confidenza;;;;;;;;;;
Dataset_MetaLiterary;Genitive;bocca di fiamma;1;bocca;fiamma;;;;;;;;;;
Dataset_MetaLiterary;Genitive;membra di piombo;1;membra;piombo;;;;;;;;;;
Dataset_MetaLiterary;Genitive;raggio di gloria;1;raggio;gloria;;;;;;;;;;
Dataset_MetaLiterary;Genitive;squilli di gloria;1;squilli;gloria;;;;;;;;;;
Dataset_MetaLiterary;Genitive;cielo di cristallo;1;cielo;cristallo;;;;;;;;;;
Dataset_MetaLiterary;Genitive;pioggia di pietre;1;pioggia;pietre;;;;;;;;;;
Dataset_MetaLiterary;Genitive;pioggia di rame;1;pioggia;rame;;;;;;;;;;
Dataset_MetaLiterary;Genitive;deserto di neve ;1;deserto;neve;;;;;;;;;;
Dataset_MetaLiterary;Genitive;bottone di fuoco ;1;bottone;fuoco;;;;;;;;;;
Dataset_MetaLiterary;Genitive;pioggia di lagrime;1;pioggia;lagrime;;;;;;;;;;
Dataset_MetaLiterary;Genitive;profumo di amore;1;profumo;amore;;;;;;;;;;
Dataset_MetaLiterary;Genitive;lampo di dolore;1;lampo;dolore;;;;;;;;;;
Dataset_MetaLiterary;Genitive;amore di fuoco;1;amore;fuoco;;;;;;;;;;
Dataset_MetaLiterary;Genitive;idee di sangue;1;idee;sangue;;;;;;;;;;
Dataset_MetaLiterary;Genitive;mari di sangue;1;mari;sangue;;;;;;;;;;
Dataset_MetaLiterary;Genitive;vel di sangue;1;vel;sangue;;;;;;;;;;
Dataset_MetaLiterary;Genitive;turbine di miserie;1;turbine;miserie;;;;;;;;;;
Dataset_MetaLiterary;Genitive;nembo di canti;1;nembo;canti;;;;;;;;;;
Dataset_MetaLiterary;Genitive;vento di paradiso;1;vento;paradiso;;;;;;;;;;
Dataset_MetaLiterary;Genitive;febbre di orgoglio;1;febbre;orgoglio;;;;;;;;;;
Dataset_MetaLiterary;Genitive;pioggia di pugni;1;pioggia;pugni;;;;;;;;;;
Dataset_MetaLiterary;Genitive;pioggia di sassate;1;pioggia;sassate;;;;;;;;;;
Dataset_MetaLiterary;Genitive;indigestione di lodi;1;indigestione;lodi;;;;;;;;;;
Dataset_MetaLiterary;Genitive;pioggia di confetti;1;pioggia;confetti;;;;;;;;;;
Dataset_MetaLiterary;Genitive;pioggia di fuoco;1;pioggia;fuoco;;;;;;;;;;
Dataset_MetaLiterary;Genitive;lingue di nebbia;1;lingue;nebbia;;;;;;;;;;
Dataset_MetaLiterary;Genitive;cielo di fiamma ;1;cielo;fiamma;;;;;;;;;;
Dataset_MetaLiterary;Genitive;sguardo di fiamma ;1;sguardo;fiamma;;;;;;;;;;
Dataset_MetaLiterary;Genitive;manto di gloria;1;manto;gloria;;;;;;;;;;
Dataset_MetaLiterary;Genitive;trono di gloria;1;trono;gloria;;;;;;;;;;
Dataset_MetaLiterary;Genitive;nebbia di dolore;1;nebbia;dolore;;;;;;;;;;
Dataset_MetaLiterary;Genitive;esplosione di dolore;1;esplosione;dolore;;;;;;;;;;
Dataset_MetaLiterary;Genitive;pioggia di polvere;1;pioggia;polvere;;;;;;;;;;
Dataset_MetaLiterary;Genitive;sospiro di profumo;1;sospiro;profumo;;;;;;;;;;
Dataset_MetaLiterary;Genitive;pioggia di bombe;1;pioggia;bombe;;;;;;;;;;
Dataset_MetaLiterary;Genitive;cielo di piombo;1;cielo;piombo;;;;;;;;;;
Dataset_MetaLiterary;Genitive;labbra di rosa;1;labbra;rosa;;;;;;;;;;
Dataset_MetaLiterary;Genitive;sogno di sangue ;1;sogno;sangue;;;;;;;;;;
Dataset_MetaLiterary;Genitive;ombra di felicità;1;ombra;felicità;;;;;;;;;;
Dataset_MetaLiterary;Genitive;mani di velluto;1;mani;velluto;;;;;;;;;;
Dataset_MetaLiterary;Genitive;fiamma di orgoglio;1;fiamma;orgoglio;;;;;;;;;;
Dataset_MetaLiterary;Genitive;vertigine di desiderio;1;vertigine;desiderio;;;;;;;;;;
Dataset_MetaLiterary;Genitive;lampo di collera;1;lampo;collera;;;;;;;;;;
Dataset_MetaLiterary;Genitive;lampo di trionfo;1;lampo;trionfo;;;;;;;;;;
Dataset_MetaLiterary;Genitive;pioggia di sangue;1;pioggia;sangue;;;;;;;;;;
Dataset_MetaLiterary;Genitive;nebbia di profumo;1;nebbia;profumo;;;;;;;;;;
Dataset_MetaLiterary;Genitive;anime di profumi ;1;anime;profumi;;;;;;;;;;
Dataset_MetaLiterary;Genitive;briciole di conversazioni ;1;briciole;conversazioni;;;;;;;;;;
Dataset_MetaLiterary;Genitive;fiori di ghiaccio ;1;fiori;ghiaccio;;;;;;;;;;
Dataset_MetaLiterary;Genitive;folgore di ribellione;1;folgore;ribellione;;;;;;;;;;
Dataset_MetaLiterary;Genitive;mare di miele;1;mare;miele;;;;;;;;;;
Dataset_MetaLiterary;Genitive;vena di ruscello ;1;vena;ruscello;;;;;;;;;;
Dataset_MetaLiterary;Genitive;vertigine di novità ;1;vertigine;novità;;;;;;;;;;
Dataset_MetaLiterary;Genitive;bufera di ferro;1;bufera;ferro;;;;;;;;;;
Dataset_MetaLiterary;Genitive;fiume di piombo;1;fiume;piombo;;;;;;;;;;
Dataset_MetaLiterary;Genitive;ali di luce;1;ali;luce;;;;;;;;;;
Dataset_MetaLiterary;Genitive;arcipelaghi di nuvole;1;arcipelaghi;nuvole;;;;;;;;;;
Dataset_MetaLiterary;Genitive;braccia di fuoco;1;braccia;fuoco;;;;;;;;;;
Dataset_MetaLiterary;Genitive;braccia di luce;1;braccia;luce(?);;;;;;;;;;
Dataset_MetaLiterary;Genitive;cespugli di rame;1;cespugli;rame;;;;;;;;;;
Dataset_MetaLiterary;Genitive;ciglia di fuoco;1;ciglia;fuoco;;;;;;;;;;
Dataset_MetaLiterary;Genitive;collo di fiamma;1;collo;fiamma;;;;;;;;;;
Dataset_MetaLiterary;Genitive;cuore di fuoco;1;cuore;fuoco;;;;;;;;;;
Dataset_MetaLiterary;Genitive;elmo di fuoco;1;elmo;fuoco;;;;;;;;;;
Dataset_MetaLiterary;Genitive;esplosioni di luce;1;esplosioni;luce;;;;;;;;;;
Dataset_MetaLiterary;Genitive;fardello di tenebre;1;fardello;tenebre;;;;;;;;;;
Dataset_MetaLiterary;Genitive;intreccio di lampi;1;intreccio;lampi;;;;;;;;;;
Dataset_MetaLiterary;Genitive;lagrime di morte;1;lagrime;morte;;;;;;;;;;
Dataset_MetaLiterary;Genitive;macigni di voce;1;macigni;voce;;;;;;;;;;
Dataset_MetaLiterary;Genitive;nodi di fiamma;1;nodi;fiamma;;;;;;;;;;
Dataset_MetaLiterary;Genitive;occhi di porpora;1;occhi;porpora;;;;;;;;;;
Dataset_MetaLiterary;Genitive;passi di bronzo;1;passi;bronzo;;;;;;;;;;
Dataset_MetaLiterary;Genitive;passi di piombo;1;passi;piombo;;;;;;;;;;
Dataset_MetaLiterary;Genitive;pianure di corallo;1;pianure;corallo;;;;;;;;;;
Dataset_MetaLiterary;Genitive;polmoni di bronzo;1;polmoni;bronzo;;;;;;;;;;
Dataset_MetaLiterary;Genitive;rantolo di morte;1;rantolo;morte;;;;;;;;;;
Dataset_MetaLiterary;Genitive;singhiozzi di bronzo;1;singhiozzi;bronzo;;;;;;;;;;
Dataset_MetaLiterary;Genitive;soffitto di nuvole;1;soffitto;nuvole;;;;;;;;;;
Dataset_MetaLiterary;Genitive;sospiro di luna;1;sospiro;luna;;;;;;;;;;
Dataset_MetaLiterary;Genitive;spicchi di stelle;1;spicchi;stelle;;;;;;;;;;
Dataset_MetaLiterary;Genitive;stracci di nebbia;1;stracci;nebbia;;;;;;;;;;
Dataset_MetaLiterary;Genitive;strade di luce;1;strade;luce;;;;;;;;;;
Dataset_MetaLiterary;Genitive;vento di porpora;1;vento;porpora;;;;;;;;;;
Dataset_MetaLiterary;Genitive;acque di fuoco;1;acque;fuoco;;;;;;;;;;
Dataset_MetaLiterary;Genitive;bacio di fuoco;1;bacio;fuoco;;;;;;;;;;
Dataset_MetaLiterary;Genitive;cielo di cotone;1;cielo;cotone;;;;;;;;;;
Dataset_MetaLiterary;Genitive;colline di vapori;1;colline;vapori;;;;;;;;;;
Dataset_MetaLiterary;Genitive;fiume di latte;1;fiume;latte;;;;;;;;;;
Dataset_MetaLiterary;Genitive;fontana di sangue;1;fontana;sangue;;;;;;;;;;
Dataset_MetaLiterary;Genitive;frecce di luce;1;frecce;luce;;;;;;;;;;
Dataset_MetaLiterary;Genitive;fuochi di gioia;1;fuochi;gioia;;;;;;;;;;
Dataset_MetaLiterary;Genitive;gomitolo di cadaveri;1;gomitolo;cadaveri;;;;;;;;;;
Dataset_MetaLiterary;Genitive;laghi di fuoco;1;laghi;fuoco;;;;;;;;;;
Dataset_MetaLiterary;Genitive;lingua di fuoco;1;lingua;fuoco;;;;;;;;;;
Dataset_MetaLiterary;Genitive;mare di fuoco;1;mare;fuoco;;;;;;;;;;
Dataset_MetaLiterary;Genitive;occhi di liquirizia;1;occhi;liquirizia;;;;;;;;;;
Dataset_MetaLiterary;Genitive;odore di luna;1;odore;luna;;;;;;;;;;
Dataset_MetaLiterary;Genitive;riccioli di fumo;1;riccioli;fumo;;;;;;;;;;
Dataset_MetaLiterary;Genitive;sbadiglio di luce;1;sbadiglio;luce;;;;;;;;;;
Dataset_MetaLiterary;Genitive;serbatoio di tenebre;1;serbatoio;tenebre;;;;;;;;;;
Dataset_MetaLiterary;Genitive;sipario di fumo;1;sipario;fumo;;;;;;;;;;
Dataset_MetaLiterary;Genitive;sorsata di luce;1;sorsata;luce;;;;;;;;;;
Dataset_MetaLiterary;Genitive;tappeti di nebbia;1;tappeti;nebbia;;;;;;;;;;
Dataset_MetaLiterary;Genitive;torrenti di stelle;1;torrenti;stelle;;;;;;;;;;
Dataset_MetaLiterary;Genitive;treni di nebbia;1;treni;nebbia;;;;;;;;;;
Dataset_MetaLiterary;Genitive;unghie di pioggia;1;unghie;pioggia;;;;;;;;;;
Dataset_MetaLiterary;Genitive;vento di cimitero;1;vento;cimitero;;;;;;;;;;
Dataset_MetaLiterary;Genitive;voce di bronzo;1;voce;bronzo;;;;;;;;;;
Dataset_MetaLiterary;Genitive;voce di cristallo;1;voce;cristallo;;;;;;;;;;
Dataset_MetaLiterary;Genitive;inferno di complotti;1;inferno;complotti;;;;;;;;;;
Dataset_MetaLiterary;Genitive;fiume di delizia;1;fiume;delizia;;;;;;;;;;
Dataset_MetaLiterary;Genitive;fiume di prigionieri;1;fiume;prigionieri;;;;;;;;;;
Dataset_MetaLiterary;Genitive;mari di seta;1;mari;seta;;;;;;;;;;
Dataset_MetaLiterary;Genitive;nuvole di cristallo;1;nuvole;cristallo;;;;;;;;;;
Dataset_MetaLiterary;Genitive;mare di latte;1;mare;latte;;;;;;;;;;
Dataset_MetaLiterary;Genitive;castelli di fiamme;1;castelli;fiamme;;;;;;;;;;
Dataset_MetaLiterary;Genitive;fiume di gemme;1;fiume;gemme;;;;;;;;;;
Dataset_MetaLiterary;Genitive;nebbia di luce;1;nebbia;luce;;;;;;;;;;
Dataset_MetaLiterary;Genitive;pioggia di granate;1;pioggia;granate;;;;;;;;;;
Dataset_MetaLiterary;Genitive;furore di gloria;1;furore;gloria;;;;;;;;;;
Dataset_MetaLiterary;Genitive;cupola di nuvole ;1;cupola;nuvole;;;;;;;;;;
Dataset_MetaLiterary;Genitive;sipario di nuvole ;1;sipario;nuvole;;;;;;;;;;
Dataset_MetaLiterary;Genitive;carne di fiori ;1;carne;fiori;;;;;;;;;;
Dataset_MetaLiterary;Genitive;pioggia di stelle;1;pioggia;stelle;;;;;;;;;;
Dataset_MetaLiterary;Genitive;colonne di polvere;1;colonne;polvere;;;;;;;;;;
Dataset_MetaLiterary;Genitive;torrenti di case;1;torrenti;case;;;;;;;;;;
Dataset_MetaLiterary;Genitive;febbre di vittoria;1;febbre;vittoria;;;;;;;;;;
Dataset_MetaLiterary;Genitive;onda di vigore;1;onda;vigore;;;;;;;;;;
Dataset_MetaLiterary;Genitive;man di cera;1;man;cera;;;;;;;;;;
Dataset_MetaLiterary;Genitive;fronte di rosa;1;fronte;rosa;;;;;;;;;;
Dataset_MetaLiterary;Genitive;furia di piogge;1;furia;piogge;;;;;;;;;;
Dataset_MetaLiterary;Genitive;capelli di seta;1;capelli;seta;;;;;;;;;;
Dataset_MetaLiterary;Genitive;fiume di gioia;1;fiume;gioia;;;;;;;;;;
Dataset_MetaLiterary;Genitive;nuvole di fiori;1;nuvole;fiori;;;;;;;;;;
Dataset_MetaLiterary;Genitive;man di rosa;1;man;rosa;;;;;;;;;;
Dataset_MetaLiterary;Genitive;sussurro di foglie;1;sussurro;foglie;;;;;;;;;;
Dataset_MetaLiterary;Genitive;urlo di mare;1;urlo;mare;;;;;;;;;;
Dataset_MetaLiterary;Genitive;torrente di vita;1;torrente;vita;;;;;;;;;;
Dataset_MetaLiterary;Genitive;vento di libertà;1;vento;libertà;;;;;;;;;;
Dataset_MetaLiterary;Genitive;ombra di sogno;1;ombra;sogno;;;;;;;;;;
Dataset_MetaLiterary;Genitive;onda di amore;1;onda;amore;;;;;;;;;;
Dataset_MetaLiterary;Genitive;culla di fango;1;culla;fango;;;;;;;;;;
Dataset_MetaLiterary;Genitive;crepuscoli di pace;1;crepuscoli;pace;;;;;;;;;;
Dataset_MetaLiterary;Genitive;fiori di neve;1;fiori;neve;;;;;;;;;;
Dataset_MetaLiterary;Genitive;larve di minaccia;1;larve;minaccia;;;;;;;;;;
Dataset_MetaLiterary;Genitive;occhi di sole;1;occhi;sole;;;;;;;;;;
Dataset_MetaLiterary;Genitive;occhi di luce;1;occhi;luce;;;;;;;;;;
Dataset_MetaLiterary;Genitive;voce di campane;1;voce;campane;;;;;;;;;;
Dataset_MetaLiterary;Genitive;alone di note;1;alone;note;;;;;;;;;;
Dataset_MetaLiterary;Genitive;voragini di luce;1;voragini;luce;;;;;;;;;;
Dataset_MetaLiterary;Genitive;estasi di fiori;1;estasi;fiori;;;;;;;;;;
Dataset_MetaLiterary;Genitive;febbre di fiamma ;1;febbre;fiamma;;;;;;;;;;
Dataset_MetaLiterary;Genitive;deserto di uomini ;1;deserto;uomini;;;;;;;;;;
Dataset_MetaLiterary;Genitive;onde di fumo;1;onde;fumo;;;;;;;;;;
Dataset_MetaLiterary;Genitive;sogni di paradiso;1;sogni;paradiso;;;;;;;;;;
Dataset_MetaLiterary;Genitive;tempesta di rammarichi;1;tempesta;rammarichi;;;;;;;;;;
Dataset_MetaLiterary;Genitive;canto di morte ;1;canto;morte;;;;;;;;;;
Dataset_MetaLiterary;Genitive;fame di luce;1;fame;luce;;;;;;;;;;
Dataset_MetaLiterary;Genitive;brividi di luce;1;brividi;luce;;;;;;;;;;
Dataset_MetaLiterary;Genitive;lampo di orgoglio;1;lampo;orgoglio;;;;;;;;;;
Dataset_MetaLiterary;Genitive;bufera di gesti ;1;bufera;gesti;;;;;;;;;;
Dataset_MetaLiterary;Genitive;esplosione di orgoglio;1;esplosione;orgoglio;;;;;;;;;;
Dataset_MetaLiterary;Genitive;incendio di colori;1;incendio;colori;;;;;;;;;;
Dataset_MetaLiterary;Genitive;pioggia di sorrisi;1;pioggia;sorrisi;;;;;;;;;;
Dataset_MetaLiterary;Genitive;luce di trionfo;1;luce;trionfo;;;;;;;;;;
Dataset_MetaLiterary;Genitive;incendio di gloria;1;incendio;gloria;;;;;;;;;;
Dataset_MetaLiterary;Genitive;luce di zaffiro;1;luce;zaffiro;;;;;;;;;;
Dataset_MetaLiterary;Genitive;lagrime di ghiaccio;1;lagrime;ghiaccio;;;;;;;;;;
Dataset_MetaLiterary;Genitive;nube di merletti;1;nube;merletti;;;;;;;;;;
Dataset_MetaLiterary;Genitive;soffi di follia;1;soffi;follia;;;;;;;;;;
Dataset_MetaLiterary;Genitive;vento di catastrofe;1;vento;catastrofe;;;;;;;;;;
Dataset_MetaLiterary;Genitive;lampo di desiderio;1;lampo;desiderio;;;;;;;;;;
Dataset_MetaLiterary;Genitive;bufere di collere;1;bufere;collere;;;;;;;;;;
Dataset_MetaLiterary;Genitive;sillabe di morte ;1;sillabe;morte;;;;;;;;;;
Dataset_MetaLiterary;Genitive;ali di fiamma ;1;ali;fiamma;;;;;;;;;;
Dataset_MetaLiterary;Genitive;armatura di ghiaccio ;1;armatura;ghiaccio;;;;;;;;;;
Dataset_MetaLiterary;Genitive;battaglie di idee ;1;battaglie;idee;;;;;;;;;;
Dataset_MetaLiterary;Genitive;brividi di stelle ;1;brividi;stelle;;;;;;;;;;
Dataset_MetaLiterary;Genitive;bufera di guerra ;1;bufera;guerra;;;;;;;;;;
Dataset_MetaLiterary;Genitive;bufera di sangue ;1;bufera;sangue;;;;;;;;;;
Dataset_MetaLiterary;Genitive;bufera di tenebre;1;bufera;tenebre;;;;;;;;;;
Dataset_MetaLiterary;Genitive;coagulazioni di popoli ;1;coagulazioni;popoli;;;;;;;;;;
Dataset_MetaLiterary;Genitive;deserto di cristallo ;1;deserto;cristallo;;;;;;;;;;
Dataset_MetaLiterary;Genitive;effervescenza di amore ;1;effervescenza;amore;;;;;;;;;;
Dataset_MetaLiterary;Genitive;fiore di sangue ;1;fiore;sangue;;;;;;;;;;
Dataset_MetaLiterary;Genitive;fioritura di uomini ;1;fioritura;uomini;;;;;;;;;;
Dataset_MetaLiterary;Genitive;giogaia di nuvole ;1;giogaia;nuvole;;;;;;;;;;
Dataset_MetaLiterary;Genitive;groviglio di corruzione ;1;groviglio;corruzione;;;;;;;;;;
Dataset_MetaLiterary;Genitive;incertezza di poesia ;1;incertezza;poesia (?) -;;;;;;;;;;
Dataset_MetaLiterary;Genitive;onda di sorriso ;1;onda;sorriso;;;;;;;;;;
Dataset_MetaLiterary;Genitive;tappezzeria di sassi ;1;tappezzeria;sassi;;;;;;;;;;
Dataset_MetaLiterary;Genitive;tempesta di controversie ;1;tempesta;controversie;;;;;;;;;;
Dataset_MetaLiterary;Genitive;tempesta di nuvole ;1;tempesta;nuvole;;;;;;;;;;
Dataset_MetaLiterary;Genitive;tempeste di rivoluzioni ;1;tempeste;rivoluzioni;;;;;;;;;;
Dataset_MetaLiterary;Genitive;vento di gioia;1;vento;gioia;;;;;;;;;;
Dataset_MetaLiterary;Genitive;vento di paura ;1;vento;paura;;;;;;;;;;
Dataset_MetaLiterary;Genitive;girandola di sguardi;1;girandola;sguardi;;;;;;;;;;
Dataset_MetaLiterary;Genitive;fiamma di nuvole ;1;fiamma;nuvole;;;;;;;;;;
Dataset_MetaLiterary;Genitive;brividi di morte;1;brividi;morte;;;;;;;;;;
Dataset_MetaLiterary;Genitive;cuore di fumo ;1;cuore;fumo;;;;;;;;;;
Dataset_MetaLiterary;Genitive;stagno di mercurio ;1;stagno;mercurio;;;;;;;;;;
Dataset_MetaLiterary;Genitive;giostra di colori ;1;giostra;colori;;;;;;;;;;
Dataset_MetaLiterary;Genitive;tramonto di fiamme ;1;tramonto;fiamme;;;;;;;;;;
Dataset_MetaLiterary;Genitive;vulcano di gioia ;1;vulcano;gioia;;;;;;;;;;
Dataset_MetaLiterary;Genitive;nebbia di convenzionalismo;1;nebbia;convenzionalismo;;;;;;;;;;
Dataset_MetaLiterary;Genitive;profumo di eleganze;1;profumo;eleganze;;;;;;;;;;
Dataset_MetaLiterary;Genitive;corpo di alabastro ;1;corpo;alabastro;;;;;;;;;;
Dataset_MetaLiterary;Genitive;lacrime di polvere;1;lacrime;polvere;;;;;;;;;;
Dataset_MetaLiterary;Genitive;occhi di fuoco ;1;occhi;fuoco;;;;;;;;;;
Dataset_MetaLiterary;Genitive;ombra di tedio ;1;ombra;tedio;;;;;;;;;;
Dataset_MetaLiterary;Genitive;ombrelli di verdura ;1;ombrelli;verdura;;;;;;;;;;
Dataset_MetaLiterary;Genitive;lampo di tenerezza;1;lampo;tenerezza;;;;;;;;;;
Dataset_MetaLiterary;Genitive;valle di dolore;1;valle;dolore;;;;;;;;;;
Dataset_MetaLiterary;Genitive;luna di platino;1;luna;platino;;;;;;;;;;
Dataset_MetaLiterary;Genitive;foreste di ametista ;1;foreste;ametista;;;;;;;;;;
Dataset_MetaLiterary;Genitive;nastro di fumo;1;nastro;fumo;;;;;;;;;;
Dataset_MetaLiterary;Genitive;nubi di madreperla;1;nubi;madreperla;;;;;;;;;;
Dataset_MetaLiterary;Genitive;onda di gioventù;1;onda;gioventù;;;;;;;;;;
Dataset_MetaLiterary;Genitive;festa di colori;1;festa;colori;;;;;;;;;;
Dataset_MetaLiterary;Genitive;gregge di foglie;1;gregge;foglie;;;;;;;;;;
Dataset_MetaLiterary;Genitive;inferno di linee;1;inferno;linee;;;;;;;;;;
Dataset_MetaLiterary;Genitive;nebbia di stelle;1;nebbia;stelle;;;;;;;;;;
Dataset_MetaLiterary;Genitive;semi di religione;1;semi;religione;;;;;;;;;;
Dataset_MetaLiterary;Genitive;sudario di nebbia;1;sudario;nebbia;;;;;;;;;;
Dataset_MetaLiterary;Genitive;cupola di fuoco ;1;cupola;fuoco;;;;;;;;;;
Dataset_MetaLiterary;Genitive;onda di sangue ;1;onda;sangue;;;;;;;;;;
Dataset_MetaLiterary;Genitive;fiamma di fede ;1;fiamma;fede;;;;;;;;;;
Dataset_MetaLiterary;Genitive;sudori di sangue ;1;sudori;sangue;;;;;;;;;;
Dataset_MetaLiterary;Genitive;fiamma di sogno ;1;fiamma;sogno;;;;;;;;;;
Dataset_MetaLiterary;Genitive;gelo di morte;1;gelo;morte;;;;;;;;;;
Dataset_MetaLiterary;Genitive;abissi di morte;1;abissi;morte;;;;;;;;;;
Dataset_MetaLiterary;Genitive;fame di strage;1;fame;strage;;;;;;;;;;
Dataset_MetaLiterary;Genitive;fantasma di amore;1;fantasma;amore;;;;;;;;;;
Dataset_MetaLiterary;Genitive;globi di fumo;1;globi;fumo;;;;;;;;;;
Dataset_MetaLiterary;Genitive;ombre di morte;1;ombre;morte;;;;;;;;;;
Dataset_MetaLiterary;Genitive;sguardo di ciel;1;sguardo;ciel;;;;;;;;;;
Dataset_MetaLiterary;Genitive;turbine di guerra;1;turbine;guerra;;;;;;;;;;
Dataset_MetaLiterary;Genitive;vampo di guerra;1;vampo;guerra;;;;;;;;;;
Dataset_MetaLiterary;Genitive;lenzuolo di ghiaccio;1;lenzuolo;ghiaccio;;;;;;;;;;
Dataset_MetaLiterary;Genitive;sospiro di vento;1;sospiro;vento;;;;;;;;;;
Dataset_MetaLiterary;Genitive;lingua di piombo ;1;lingua;piombo;;;;;;;;;;
Dataset_MetaLiterary;Genitive;monte di elogi ;1;monte;elogi;;;;;;;;;;
Dataset_MetaLiterary;Genitive;silenzio di ombre ;1;silenzio;ombre;;;;;;;;;;
Dataset_MetaLiterary;Genitive;fiume di soldati;1;fiume;soldati;;;;;;;;;;
Dataset_MetaLiterary;Genitive;corona di spuma;1;corona;spuma;;;;;;;;;;
Dataset_MetaLiterary;Genitive;luce di sorriso;1;luce;sorriso;;;;;;;;;;
Dataset_MetaLiterary;Genitive;canto di primavera;1;canto;primavera;;;;;;;;;;
Dataset_MetaLiterary;Genitive;lampo di malumore;1;lampo;malumore;;;;;;;;;;
Dataset_MetaLiterary;Genitive;pioggia di raggi;1;pioggia;raggi;;;;;;;;;;
Dataset_MetaLiterary;Genitive;torrenti di lettere;1;torrenti;lettere;;;;;;;;;;
Dataset_MetaLiterary;Genitive;cielo di ferro;1;cielo;ferro;;;;;;;;;;
Dataset_MetaLiterary;Genitive;lenzuolo di neve;1;lenzuolo;neve;;;;;;;;;;
Dataset_MetaLiterary;Genitive;fiume di sangue ;1;fiume;sangue;;;;;;;;;;
Dataset_MetaLiterary;Genitive;nebbia di ottimismo;1;nebbia;ottimismo;;;;;;;;;;
Dataset_MetaLiterary;Genitive;pioggia di piombo;1;pioggia;piombo;;;;;;;;;;
Dataset_MetaLiterary;Genitive;vento di retorica;1;vento;retorica;;;;;;;;;;
Dataset_MetaLiterary;Genitive;lampo di gelosia;1;lampo;gelosia;;;;;;;;;;
Dataset_MetaLiterary;Genitive;pioggia di astri;1;pioggia;astri;;;;;;;;;;
Dataset_MetaLiterary;Genitive;torrenti di diplomazia;1;torrenti;diplomazia;;;;;;;;;;
Dataset_MetaLiterary;Genitive;pioggia di riccioli;1;pioggia;riccioli;;;;;;;;;;
Dataset_MetaLiterary;Genitive;profumo di innocenza;1;profumo;innocenza;;;;;;;;;;
Dataset_MetaLiterary;Genitive;banchetto di povertà;1;banchetto;povertà;;;;;;;;;;
Dataset_MetaLiterary;Genitive;soffi di primavera;1;soffi;primavera;;;;;;;;;;
Dataset_MetaLiterary;Genitive;polvere di seta;1;polvere;seta;;;;;;;;;;
Dataset_MetaLiterary;Genitive;bufera di domande;1;bufera;domande;;;;;;;;;;
Dataset_MetaLiterary;Genitive;bufera di polvere;1;bufera;polvere;;;;;;;;;;
Dataset_MetaLiterary;Genitive;cupola di fumo;1;cupola;fumo;;;;;;;;;;
Dataset_MetaLiterary;Genitive;fiamma di lirismo;1;fiamma;lirismo;;;;;;;;;;
Dataset_MetaLiterary;Genitive;fiume di polvere;1;fiume;polvere;;;;;;;;;;
Dataset_MetaLiterary;Genitive;lenzuolo di polvere;1;lenzuolo;polvere;;;;;;;;;;
Dataset_MetaLiterary;Genitive;lampo di speranza;1;lampo;speranza;;;;;;;;;;
Dataset_MetaLiterary;Genitive;fiocco di nebbia;1;fiocco;nebbia;;;;;;;;;;
Dataset_MetaLiterary;Genitive;zattere di nebbia;1;zattere;nebbia;;;;;;;;;;
Dataset_MetaLiterary;Genitive;lembi di desiderio;1;lembi;desiderio;;;;;;;;;;
Dataset_MetaLiterary;Genitive;bufera di anime;1;bufera;anime;;;;;;;;;;
Dataset_MetaLiterary;Genitive;fiume di popoli;1;fiume;popoli;;;;;;;;;;
Dataset_MetaLiterary;Genitive;nuvole di profumo;1;nuvole;profumo;;;;;;;;;;
Dataset_MetaLiterary;Genitive;bufere di baci;1;bufere;baci;;;;;;;;;;
Dataset_MetaLiterary;Genitive;iride di gloria;1;iride;gloria;;;;;;;;;;
Dataset_MetaLiterary;Genitive;onda di amarezza;1;onda;amarezza;;;;;;;;;;
Dataset_MetaLiterary;Genitive;fiume di lacrime;1;fiume;lacrime;;;;;;;;;;
Dataset_MetaLiterary;Genitive;fiore di luce;1;fiore;luce;;;;;;;;;;
Dataset_MetaLiterary;Genitive;prigione di cristallo;1;prigione;cristallo;;;;;;;;;;
Dataset_MetaLiterary;Genitive;sentiero di sangue;1;sentiero;sangue;;;;;;;;;;
Dataset_MetaLiterary;Genitive;viso di mela ;1;viso;mela;;;;;;;;;;
Dataset_MetaLiterary;Genitive;ondate di profumo;1;ondate;profumo;;;;;;;;;;
Dataset_MetaLiterary;Genitive;profumo di notte;1;profumo;notte;;;;;;;;;;
Dataset_MetaLiterary;Genitive;lampo di persuasione;1;lampo;persuasione;;;;;;;;;;
Dataset_MetaLiterary;Genitive;pelle di rame;1;pelle;rame;;;;;;;;;;
Dataset_MetaLiterary;Genitive;cupola di nebbia;1;cupola;nebbia;;;;;;;;;;
Dataset_MetaLiterary;Genitive;maschera di dolore;1;maschera;dolore;;;;;;;;;;
Dataset_MetaLiterary;Genitive;chioma di luce;1;chioma;luce;;;;;;;;;;
Dataset_MetaLiterary;Genitive;nube di sonnambulismo ;1;nube;sonnambulismo;;;;;;;;;;
Dataset_MetaLiterary;Genitive;agonia di luce;1;agonia;luce;;;;;;;;;;
Dataset_MetaLiterary;Genitive;occhi di porcellana;1;occhi;porcellana;;;;;;;;;;
Dataset_MetaLiterary;Genitive;nube di sogni;1;nube;sogni;;;;;;;;;;
Dataset_MetaLiterary;Genitive;tramonto di fiamma;1;tramonto;fiamma;;;;;;;;;;
Dataset_MetaLiterary;Genitive;acquazzone di piombo;1;acquazzone;piombo;;;;;;;;;;
Dataset_MetaLiterary;Genitive;bufera di commenti;1;bufera;commenti;;;;;;;;;;
Dataset_MetaLiterary;Genitive;luce di poesia;1;luce;poesia;;;;;;;;;;
Dataset_MetaLiterary;Genitive;profumo di vecchiezza;1;profumo;vecchiezza;;;;;;;;;;
Dataset_MetaLiterary;Genitive;vampa di felicità;1;vampa;felicità;;;;;;;;;;
Dataset_MetaLiterary;Genitive;lenzuol di luna;1;lenzuol;luna;;;;;;;;;;
Dataset_MetaLiterary;Genitive;cerchi di splendore;1;cerchi;splendore;;;;;;;;;;
Dataset_MetaLiterary;Genitive;braccia di velluto;1;braccia;velluto;;;;;;;;;;
Dataset_MetaLiterary;Genitive;carcere di vetro;1;carcere;vetro;;;;;;;;;;
Dataset_MetaLiterary;Genitive;viso di fiore;1;viso;fiore;;;;;;;;;;
Dataset_MetaLiterary;Genitive;vie di silenzio;1;vie;silenzio;;;;;;;;;;
Dataset_MetaLiterary;Genitive;rete di vene;1;rete;vene;;;;;;;;;;
Dataset_Marchesetti_GenitiveConcrete;Genitive;brividi di freddo;0;brividi;freddo;;;;;;;;;;
Dataset_Marchesetti_GenitiveConcrete;Genitive;fiamma di fuoco;0;fiamma;fuoco;;;;;;;;;;
Dataset_Marchesetti_GenitiveConcrete;Genitive;vento di aria;0;vento;aria;;;;;;;;;;
Dataset_Marchesetti_GenitiveConcrete;Genitive;ali di aquila;0;ali;aquila;;;;;;;;;;
Dataset_Marchesetti_GenitiveConcrete;Genitive;capelli di cheratina;0;capelli;cheratina;;;;;;;;;;
Dataset_Marchesetti_GenitiveConcrete;Genitive;corde di violino;0;corde;violino;;;;;;;;;;
Dataset_Marchesetti_GenitiveConcrete;Genitive;cornici di alluminio;0;cornici;alluminio;;;;;;;;;;
Dataset_Marchesetti_GenitiveConcrete;Genitive;costellazioni di stelle;0;costellazioni;stelle;;;;;;;;;;
Dataset_Marchesetti_GenitiveConcrete;Genitive;ebbrezza di vino;0;ebbrezza;vino;;;;;;;;;;
Dataset_Marchesetti_GenitiveConcrete;Genitive;fame di pane;0;fame;pane;;;;;;;;;;
Dataset_Marchesetti_GenitiveConcrete;Genitive;fibre di seta;0;fibre;seta;;;;;;;;;;
Dataset_Marchesetti_GenitiveConcrete;Genitive;frantumi di ceramica;0;frantumi;ceramica;;;;;;;;;;
Dataset_Marchesetti_GenitiveConcrete;Genitive;giardino di cespugli;0;giardino;cespugli;;;;;;;;;;
Dataset_Marchesetti_GenitiveConcrete;Genitive;gioia di Pietro;0;gioia;Pietro;;;;;;;;;;
Dataset_Marchesetti_GenitiveConcrete;Genitive;grumo di sporco;0;grumo;sporco;;;;;;;;;;
Dataset_Marchesetti_GenitiveConcrete;Genitive;guance di Camilla;0;guance;Camilla;;;;;;;;;;
Dataset_Marchesetti_GenitiveConcrete;Genitive;masso di granito;0;masso;granito;;;;;;;;;;
Dataset_Marchesetti_GenitiveConcrete;Genitive;nodo di corda;0;nodo;corda;;;;;;;;;;
Dataset_Marchesetti_GenitiveConcrete;Genitive;occhi di Aldo;0;occhio;Aldo;;;;;;;;;;
Dataset_Marchesetti_GenitiveConcrete;Genitive;ritmo di milonga;0;ritmo;milonga;;;;;;;;;;
Dataset_Marchesetti_GenitiveConcrete;Genitive;singhiozzo di pianto;0;singhiozzo;pianto;;;;;;;;;;
Dataset_Marchesetti_GenitiveConcrete;Genitive;sogni di gloria;0;sogni;gloria;;;;;;;;;;
Dataset_Marchesetti_GenitiveConcrete;Genitive;vento di libeccio;0;vento;libeccio;;;;;;;;;;
Dataset_Marchesetti_GenitiveConcrete;Genitive;firmamento di Dio;0;firmamento;Dio;;;;;;;;;;
Dataset_Marchesetti_GenitiveConcrete;Genitive;vene di sangue;0;vene;sangue;;;;;;;;;;
Dataset_Marchesetti_GenitiveConcrete;Genitive;eco di voce;0;eco;voce;;;;;;;;;;
Dataset_Marchesetti_GenitiveConcrete;Genitive;frammento di carta;0;frammento;carta;;;;;;;;;;
Dataset_Marchesetti_GenitiveConcrete;Genitive;recinto di legno;0;recinto;legno;;;;;;;;;;
Dataset_Marchesetti_GenitiveConcrete;Genitive;nebbia di Genova;0;nebbia;Genova;;;;;;;;;;
Dataset_Marchesetti_GenitiveConcrete;Genitive;cervello di formica;0;cervello;formica;;;;;;;;;;
Dataset_Marchesetti_GenitiveConcrete;Genitive;padiglioni di fiera;0;padiglioni;fiera;;;;;;;;;;
Dataset_Marchesetti_GenitiveConcrete;Genitive;meteora di asteroide;0;meteora;asteroide;;;;;;;;;;
Dataset_Marchesetti_GenitiveConcrete;Genitive;profumo di fiori;0;profumo;fiori;;;;;;;;;;
Dataset_Marchesetti_GenitiveConcrete;Genitive;sapore di fragola;0;sapore;fragola;;;;;;;;;;
Dataset_Marchesetti_GenitiveConcrete;Genitive;pioggia di acqua;0;pioggia;acqua;;;;;;;;;;
Dataset_Marchesetti_GenitiveConcrete;Genitive;carnagione di caucasici;0;carnagione;caucasici;;;;;;;;;;
Dataset_Marchesetti_GenitiveConcrete;Genitive;profumo di fiori;0;profumo;fiori;;;;;;;;;;
Dataset_Marchesetti_GenitiveConcrete;Genitive;ombra di edificio;0;ombra;edificio;;;;;;;;;;
Dataset_Marchesetti_GenitiveConcrete;Genitive;incendio di foresta;0;incendio;foresta;;;;;;;;;;
Dataset_Marchesetti_GenitiveConcrete;Genitive;ombra di Carlo;0;ombra;Carlo;;;;;;;;;;
Dataset_Marchesetti_GenitiveConcrete;Genitive;pioggia di acqua;0;pioggia;acqua;;;;;;;;;;
Dataset_Marchesetti_GenitiveConcrete;Genitive;nebbia di macaia;0;nebbia;macaia;;;;;;;;;;
Dataset_Marchesetti_GenitiveConcrete;Genitive;bufera di acqua;0;bufera;acqua;;;;;;;;;;
Dataset_Marchesetti_GenitiveConcrete;Genitive;bufera di sabbia;0;bufera;sabbia;;;;;;;;;;
Dataset_Marchesetti_GenitiveConcrete;Genitive;nuvole di pioggia;0;nuvole;pioggia;;;;;;;;;;
Dataset_Marchesetti_GenitiveConcrete;Genitive;torrenti di acqua;0;torrenti;acqua;;;;;;;;;;
Dataset_Marchesetti_GenitiveConcrete;Genitive;lampo di elettricità;0;lampo;elettricità;;;;;;;;;;
Dataset_Marchesetti_GenitiveConcrete;Genitive;deserto di sabbia;0;deserto;sabbia;;;;;;;;;;
Dataset_Marchesetti_GenitiveConcrete;Genitive;fiocco di lana;0;fiocco;lana;;;;;;;;;;
Dataset_Marchesetti_GenitiveConcrete;Genitive;fiamma di zolfo;0;fiamma;zolfo;;;;;;;;;;
Dataset_Marchesetti_GenitiveConcrete;Genitive;tempesta di acqua;0;tempesta;acqua;;;;;;;;;;
Dataset_Marchesetti_GenitiveConcrete;Genitive;tempesta di fulmini;0;tempesta;fulmini;;;;;;;;;;
Dataset_Marchesetti_GenitiveConcrete;Genitive;tempesta di ieri;0;tempesta;ieri;;;;;;;;;;
Dataset_Marchesetti_GenitiveConcrete;Genitive;semi di papavero;0;semi;papavero;;;;;;;;;;
Dataset_Marchesetti_GenitiveConcrete;Genitive;corona di spine;0;corona;spine;;;;;;;;;;
Dataset_Marchesetti_GenitiveConcrete;Genitive;corona di argento;0;corona;argento;;;;;;;;;;
Dataset_Marchesetti_GenitiveConcrete;Genitive;corona di bicicletta;0;corona;bicicletta;;;;;;;;;;
Dataset_Marchesetti_GenitiveConcrete;Genitive;corona di carta;0;corona;carta;;;;;;;;;;
Dataset_Marchesetti_GenitiveConcrete;Genitive;inferno di Dante;0;inferno;Dante;;;;;;;;;;
Dataset_Marchesetti_GenitiveConcrete;Genitive;mare di Francia;0;mare;Francia;;;;;;;;;;
Dataset_Marchesetti_GenitiveConcrete;Genitive;cuore di vitello;0;cuore;vitello;;;;;;;;;;
Dataset_Marchesetti_GenitiveConcrete;Genitive;cuore di Alessio;0;cuore;Alessio;;;;;;;;;;
Dataset_Marchesetti_GenitiveConcrete;Genitive;pensieri di speranza;0;pensieri;speranza;;;;;;;;;;
Dataset_Marchesetti_GenitiveConcrete;Genitive;pensieri di suicidio;0;pensieri;suicidio;;;;;;;;;;
Dataset_Marchesetti_GenitiveConcrete;Genitive;cuore di tessuto muscolare;0;cuore;tessuto muscolare;;;;;;;;;;
Dataset_Marchesetti_GenitiveConcrete;Genitive;manto di lana;0;manto;lana;;;;;;;;;;
Dataset_Marchesetti_GenitiveConcrete;Genitive;fantasmi di antenati;0;fantasmi;antenati;;;;;;;;;;
Dataset_Marchesetti_GenitiveConcrete;Genitive;impronte di cervo;0;impronte;cervo;;;;;;;;;;
Dataset_Marchesetti_GenitiveConcrete;Genitive;pioggia di acqua;0;pioggia;acqua;;;;;;;;;;
Dataset_Marchesetti_GenitiveConcrete;Genitive;sigillo di papa;0;sigillo;papa;;;;;;;;;;
Dataset_Marchesetti_GenitiveConcrete;Genitive;cielo di Irlanda;0;cielo;Irlanda;;;;;;;;;;
Dataset_Marchesetti_GenitiveConcrete;Genitive;petto di anatra;0;petto;anatra;;;;;;;;;;
Dataset_Marchesetti_GenitiveConcrete;Genitive;baci di amore;0;baci;amore;;;;;;;;;;
Dataset_Marchesetti_GenitiveConcrete;Genitive;indigestione di dolcetti;0;indigestione;dolcetti;;;;;;;;;;
Dataset_Marchesetti_GenitiveConcrete;Genitive;ribellioni di adolescenti;0;ribellioni;adolescenti;;;;;;;;;;
Dataset_Marchesetti_GenitiveConcrete;Genitive;fuoco di ramoscelli;0;fuoco;ramoscelli;;;;;;;;;;
Dataset_Marchesetti_GenitiveConcrete;Genitive;onda di acqua;0;onda;acqua;;;;;;;;;;
Dataset_Marchesetti_GenitiveConcrete;Genitive;bocche di bambini;0;bocche;bambini;;;;;;;;;;
Dataset_Marchesetti_GenitiveConcrete;Genitive;fiume di acqua;0;fiume;acqua;;;;;;;;;;
Dataset_Marchesetti_GenitiveConcrete;Genitive;gomitolo di lana;0;gomitolo;lana;;;;;;;;;;
Dataset_Marchesetti_GenitiveConcrete;Genitive;luce di neon;0;luce;neon;;;;;;;;;;
Dataset_Marchesetti_GenitiveConcrete;Genitive;paradiso di Dio;0;paradiso;Dio;;;;;;;;;;
Dataset_Marchesetti_GenitiveConcrete;Genitive;palpebra di carne;0;palpebra;carne;;;;;;;;;;
Dataset_Marchesetti_GenitiveConcrete;Genitive;vertigine di Alberto;0;vertigine;Alberto;;;;;;;;;;
Dataset_Marchesetti_GenitiveConcrete;Genitive;turbine di aria;0;turbine;aria;;;;;;;;;;
Dataset_Marchesetti_GenitiveConcrete;Genitive;turbine di metallo;0;turbine;metallo;;;;;;;;;;
Dataset_Marchesetti_GenitiveConcrete;Genitive;vento di aria;0;vento;aria;;;;;;;;;;
Dataset_Marchesetti_GenitiveConcrete;Genitive;deserto di ghiaccio;0;deserto;ghiaccio;;;;;;;;;;
Dataset_Marchesetti_GenitiveConcrete;Genitive;torrenti di acqua;0;torrenti;acqua;;;;;;;;;;
Dataset_Marchesetti_GenitiveConcrete;Genitive;atmosfera di ossigeno;0;atmosfera;ossigeno;;;;;;;;;;
Dataset_Marchesetti_GenitiveConcrete;Genitive;respiro di aria;0;respiro;aria;;;;;;;;;;
Dataset_Marchesetti_GenitiveConcrete;Genitive;sospiro di rassegnazione;0;sospiro;rassegnazione;;;;;;;;;;
Dataset_Marchesetti_GenitiveConcrete;Genitive;silenzio di attesa;0;silenzio;attesa;;;;;;;;;;
Dataset_Marchesetti_GenitiveConcrete;Genitive;aghi di pino;0;aghi;pino;;;;;;;;;;
Dataset_Marchesetti_GenitiveConcrete;Genitive;tappeto di lana;0;tappeto;lana;;;;;;;;;;
Dataset_Marchesetti_GenitiveConcrete;Genitive;viso di Anna;0;viso;Anna;;;;;;;;;;
Dataset_Marchesetti_GenitiveConcrete;Genitive;lettera di raccomandazione;0;lettera;raccomandazione;;;;;;;;;;
Dataset_Marchesetti_GenitiveConcrete;Genitive;raggio di sole;0;raggio;sole;;;;;;;;;;
Dataset_Marchesetti_GenitiveConcrete;Genitive;membra di uomo;0;membra;uomo;;;;;;;;;;
Dataset_Marchesetti_GenitiveConcrete;Genitive;raggio di luce;0;raggio;luce;;;;;;;;;;
Dataset_Marchesetti_GenitiveConcrete;Genitive;squilli di tromba;0;squilli;tromba;;;;;;;;;;
Dataset_Marchesetti_GenitiveConcrete;Genitive;cielo di primavera;0;cielo;primavera;;;;;;;;;;
Dataset_Marchesetti_GenitiveConcrete;Genitive;deserto di neve;0;deserto;neve;;;;;;;;;;
Dataset_Marchesetti_GenitiveConcrete;Genitive;bottone di avorio;0;bottone;avorio;;;;;;;;;;
Dataset_Marchesetti_GenitiveConcrete;Genitive;amore di Pietro;0;amore;Pietro;;;;;;;;;;
Dataset_Marchesetti_GenitiveConcrete;Genitive;idee di progresso;0;idee;progresso;;;;;;;;;;
Dataset_Marchesetti_GenitiveConcrete;Genitive;nembo di vapore;0;nembo;vapore;;;;;;;;;;
Dataset_Marchesetti_GenitiveConcrete;Genitive;febbre di malati;0;febbre;malati;;;;;;;;;;
Dataset_Marchesetti_GenitiveConcrete;Genitive;indigestione di pasta;0;indigestione;pasta;;;;;;;;;;
Dataset_Marchesetti_GenitiveConcrete;Genitive;lingue di bue;0;lingue;bue;;;;;;;;;;
Dataset_Marchesetti_GenitiveConcrete;Genitive;sguardo di condiscendenza;0;sguardo;condiscendenza;;;;;;;;;;
Dataset_Marchesetti_GenitiveConcrete;Genitive;trono di re;0;trono;re;;;;;;;;;;
Dataset_Marchesetti_GenitiveConcrete;Genitive;trono di regina;0;trono;regina;;;;;;;;;;
Dataset_Marchesetti_GenitiveConcrete;Genitive;trono di Elisabetta;0;trono;Elisabetta;;;;;;;;;;
Dataset_Marchesetti_GenitiveConcrete;Genitive;esplosione di dinamite;0;esplosione;dinamite;;;;;;;;;;
Dataset_Marchesetti_GenitiveConcrete;Genitive;esplosione di ordigni;0;esplosione;ordigni;;;;;;;;;;
Dataset_Marchesetti_GenitiveConcrete;Genitive;esplosione di automobili;0;esplosione;automobili;;;;;;;;;;
Dataset_Marchesetti_GenitiveConcrete;Genitive;sospiro di stanchezza;0;sospiro;stanchezza;;;;;;;;;;
Dataset_Marchesetti_GenitiveConcrete;Genitive;labbra di amanti;0;labbra;amanti;;;;;;;;;;
Dataset_Marchesetti_GenitiveConcrete;Genitive;sogno di fuga;0;sogno;fuga;;;;;;;;;;
Dataset_Marchesetti_GenitiveConcrete;Genitive;ombra di Dario;0;ombra;Dario;;;;;;;;;;
Dataset_Marchesetti_GenitiveConcrete;Genitive;mani di anziani;0;mani;anziani;;;;;;;;;;
Dataset_Marchesetti_GenitiveConcrete;Genitive;mani di anziano;0;mani;anziano;;;;;;;;;;
Dataset_Marchesetti_GenitiveConcrete;Genitive;mani di Francesco;0;mani;Francesco;;;;;;;;;;
Dataset_Marchesetti_GenitiveConcrete;Genitive;anime di purgatorio;0;anime;purgatorio;;;;;;;;;;
Dataset_Marchesetti_GenitiveConcrete;Genitive;anime di dannati;0;anime;dannati;;;;;;;;;;
Dataset_Marchesetti_GenitiveConcrete;Genitive;anime di fantasmi;0;anime;fantasmi;;;;;;;;;;
Dataset_Marchesetti_GenitiveConcrete;Genitive;briciole di pane;0;briciole;pane;;;;;;;;;;
Dataset_Marchesetti_GenitiveConcrete;Genitive;fiori di campo;0;fiori;campo;;;;;;;;;;
Dataset_Marchesetti_GenitiveConcrete;Genitive;fiori di pesco;0;fiori;pesco;;;;;;;;;;
Dataset_Marchesetti_GenitiveConcrete;Genitive;polmoni di bovino;0;polmoni;bovino;;;;;;;;;;
Dataset_Marchesetti_GenitiveConcrete;Genitive;bobina di rame;0;bobina;rame;;;;;;;;;;
Dataset_Marchesetti_GenitiveConcrete;Genitive;castelli di sabbia;0;castelli;sabbia;;;;;;;;;;
Dataset_Marchesetti_GenitiveConcrete;Genitive;vulcano di Honolulu;0;vulcano;Honolulu;;;;;;;;;;
Dataset_Marchesetti_GenitiveConcrete;Genitive;ombrelli di carta di riso;0;ombrelli;carta di riso;;;;;;;;;;
Dataset_Marchesetti_GenitiveConcrete;Genitive;globi di vetro;0;globi;vetro;;;;;;;;;;